{
  "type": "FeatureCollection",
  "features": [
    {
      "type": "Feature",
      "geometry": {
        "type": "Point",
        "coordinates": [
          0.95172,
          41.6566
        ]
      },
      "properties": {
        "codi": "C6",
        "nom": "Castellnou de Seana",
        "altitud": 264,
        "comarca": "Pla d'Urgell",
        "tipus": "A",
        "emplacament": "Abocador comarcal",
        "municipi": "Castellnou de Seana",
        "municipiCodi": "250680",
        "mcscClass": "111",
        "mcscName": "Conreus herbacis",
        "forestType": null
      }
    },
    {
      "type": "Feature",
      "geometry": {
        "type": "Point",
        "coordinates": [
          1.16234,
          41.66695
        ]
      },
      "properties": {
        "codi": "C7",
        "nom": "Tàrrega",
        "altitud": 427,
        "comarca": "Urgell",
        "tipus": "A",
        "emplacament": "Abocador comarcal",
        "municipi": "Tàrrega",
        "municipiCodi": "252173",
        "mcscClass": "352",
        "mcscName": "Sòl nu urbà",
        "forestType": null
      }
    },
    {
      "type": "Feature",
      "geometry": {
        "type": "Point",
        "coordinates": [
          1.29609,
          41.67555
        ]
      },
      "properties": {
        "codi": "C8",
        "nom": "Cervera",
        "altitud": 554,
        "comarca": "Segarra",
        "tipus": "A",
        "emplacament": "Abocador comarcal",
        "municipi": "Cervera",
        "municipiCodi": "250729",
        "mcscClass": "224",
        "mcscName": "Matollar",
        "forestType": null
      }
    },
    {
      "type": "Feature",
      "geometry": {
        "type": "Point",
        "coordinates": [
          0.39988,
          40.71825
        ]
      },
      "properties": {
        "codi": "C9",
        "nom": "Mas de Barberans",
        "altitud": 240,
        "comarca": "Montsià",
        "tipus": "A",
        "emplacament": "Abocador comarcal",
        "municipi": "Mas de Barberans",
        "municipiCodi": "430770",
        "mcscClass": "346",
        "mcscName": "Zones verdes",
        "forestType": null
      }
    },
    {
      "type": "Feature",
      "geometry": {
        "type": "Point",
        "coordinates": [
          2.20862,
          42.07398
        ]
      },
      "properties": {
        "codi": "CC",
        "nom": "Orís",
        "altitud": 626,
        "comarca": "Osona",
        "tipus": "A",
        "emplacament": "Abocador comarcal",
        "municipi": "Orís",
        "municipiCodi": "081509",
        "mcscClass": "228",
        "mcscName": "Prats i herbassars",
        "forestType": null
      }
    },
    {
      "type": "Feature",
      "geometry": {
        "type": "Point",
        "coordinates": [
          1.43277,
          42.37083
        ]
      },
      "properties": {
        "codi": "CD",
        "nom": "la Seu d'Urgell - Bellestar",
        "altitud": 849,
        "comarca": "Alt Urgell",
        "tipus": "A",
        "emplacament": "Abocador comarcal",
        "municipi": "La Seu d'Urgell",
        "municipiCodi": "252038",
        "mcscClass": "111",
        "mcscName": "Conreus herbacis",
        "forestType": null
      }
    },
    {
      "type": "Feature",
      "geometry": {
        "type": "Point",
        "coordinates": [
          1.80813,
          41.53109
        ]
      },
      "properties": {
        "codi": "CE",
        "nom": "els Hostalets de Pierola",
        "altitud": 316,
        "comarca": "Anoia",
        "tipus": "A",
        "emplacament": "Abocador de residus",
        "municipi": "Els Hostalets de Pierola",
        "municipiCodi": "081629",
        "mcscClass": "224",
        "mcscName": "Matollar",
        "forestType": null
      }
    },
    {
      "type": "Feature",
      "geometry": {
        "type": "Point",
        "coordinates": [
          2.41456,
          42.37717
        ]
      },
      "properties": {
        "codi": "CG",
        "nom": "Molló - Fabert",
        "altitud": 1405,
        "comarca": "Ripollès",
        "tipus": "A",
        "emplacament": "Veïnat de Fabert",
        "municipi": "Molló",
        "municipiCodi": "171077",
        "mcscClass": "228",
        "mcscName": "Prats i herbassars",
        "forestType": null
      }
    },
    {
      "type": "Feature",
      "geometry": {
        "type": "Point",
        "coordinates": [
          2.36429,
          42.25839
        ]
      },
      "properties": {
        "codi": "CI",
        "nom": "Sant Pau de Segúries",
        "altitud": 852,
        "comarca": "Ripollès",
        "tipus": "A",
        "emplacament": "Estació meteorològica municipal",
        "municipi": "Sant Pau de Segúries",
        "municipiCodi": "171772",
        "mcscClass": "344",
        "mcscName": "Edificacions aïllades en l'espai rural",
        "forestType": null
      }
    },
    {
      "type": "Feature",
      "geometry": {
        "type": "Point",
        "coordinates": [
          1.33132,
          42.21624
        ]
      },
      "properties": {
        "codi": "CJ",
        "nom": "Organyà",
        "altitud": 566.5,
        "comarca": "Alt Urgell",
        "tipus": "A",
        "emplacament": "Càmping municipal",
        "municipi": "Organyà",
        "municipiCodi": "251556",
        "mcscClass": "111",
        "mcscName": "Conreus herbacis",
        "forestType": null
      }
    },
    {
      "type": "Feature",
      "geometry": {
        "type": "Point",
        "coordinates": [
          1.76796,
          41.67399
        ]
      },
      "properties": {
        "codi": "CL",
        "nom": "Sant Salvador de Guardiola",
        "altitud": 349,
        "comarca": "Bages",
        "tipus": "A",
        "emplacament": "Urbanització Miralda",
        "municipi": "Sant Salvador de Guardiola",
        "municipiCodi": "080983",
        "mcscClass": "228",
        "mcscName": "Prats i herbassars",
        "forestType": null
      }
    },
    {
      "type": "Feature",
      "geometry": {
        "type": "Point",
        "coordinates": [
          1.03893,
          42.13924
        ]
      },
      "properties": {
        "codi": "CP",
        "nom": "Sant Romà d'Abella",
        "altitud": 690,
        "comarca": "Pallars Jussà",
        "tipus": "A",
        "emplacament": "Sant Romà d'Abella - el Tossal",
        "municipi": "Isona i Conca Dellà",
        "municipiCodi": "251155",
        "mcscClass": "224",
        "mcscName": "Matollar",
        "forestType": null
      }
    },
    {
      "type": "Feature",
      "geometry": {
        "type": "Point",
        "coordinates": [
          1.02569,
          41.99546
        ]
      },
      "properties": {
        "codi": "CQ",
        "nom": "Vilanova de Meià",
        "altitud": 594,
        "comarca": "Noguera",
        "tipus": "A",
        "emplacament": "Camp de fútbol",
        "municipi": "Vilanova de Meià",
        "municipiCodi": "252509",
        "mcscClass": "352",
        "mcscName": "Sòl nu urbà",
        "forestType": null
      }
    },
    {
      "type": "Feature",
      "geometry": {
        "type": "Point",
        "coordinates": [
          1.9624,
          42.08032
        ]
      },
      "properties": {
        "codi": "CR",
        "nom": "la Quar",
        "altitud": 873,
        "comarca": "Berguedà",
        "tipus": "A",
        "emplacament": "Sant Maurici",
        "municipi": "La Quar",
        "municipiCodi": "081770",
        "mcscClass": "228",
        "mcscName": "Prats i herbassars",
        "forestType": null
      }
    },
    {
      "type": "Feature",
      "geometry": {
        "type": "Point",
        "coordinates": [
          0.74362,
          42.39811
        ]
      },
      "properties": {
        "codi": "CT",
        "nom": "el Pont de Suert",
        "altitud": 823,
        "comarca": "Alta Ribagorça",
        "tipus": "A",
        "emplacament": "Depuradora municipal",
        "municipi": "El Pont de Suert",
        "municipiCodi": "251734",
        "mcscClass": "228",
        "mcscName": "Prats i herbassars",
        "forestType": null
      }
    },
    {
      "type": "Feature",
      "geometry": {
        "type": "Point",
        "coordinates": [
          1.09894,
          41.39241
        ]
      },
      "properties": {
        "codi": "CW",
        "nom": "l'Espluga de Francolí",
        "altitud": 446,
        "comarca": "Conca de Barberà",
        "tipus": "A",
        "emplacament": "Urb. Espluga Parc",
        "municipi": "L'Espluga de Francolí",
        "municipiCodi": "430542",
        "mcscClass": "224",
        "mcscName": "Matollar",
        "forestType": null
      }
    },
    {
      "type": "Feature",
      "geometry": {
        "type": "Point",
        "coordinates": [
          2.17873,
          41.87813
        ]
      },
      "properties": {
        "codi": "CY",
        "nom": "Muntanyola",
        "altitud": 816,
        "comarca": "Osona",
        "tipus": "A",
        "emplacament": "Esglèsia de St. Quirze i Sta. Julita",
        "municipi": "Muntanyola",
        "municipiCodi": "081290",
        "mcscClass": "228",
        "mcscName": "Prats i herbassars",
        "forestType": null
      }
    },
    {
      "type": "Feature",
      "geometry": {
        "type": "Point",
        "coordinates": [
          0.75383,
          41.28521
        ]
      },
      "properties": {
        "codi": "D1",
        "nom": "Margalef",
        "altitud": 404,
        "comarca": "Priorat",
        "tipus": "A",
        "emplacament": "Dipòsit d'aigua",
        "municipi": "Margalef",
        "municipiCodi": "430751",
        "mcscClass": "224",
        "mcscName": "Matollar",
        "forestType": null
      }
    },
    {
      "type": "Feature",
      "geometry": {
        "type": "Point",
        "coordinates": [
          1.915,
          41.59252
        ]
      },
      "properties": {
        "codi": "D2",
        "nom": "Vacarisses",
        "altitud": 343,
        "comarca": "Vallès Occidental",
        "tipus": "A",
        "emplacament": "Planta potabilitzadora",
        "municipi": "Vacarisses",
        "municipiCodi": "082917",
        "mcscClass": "221",
        "mcscName": "Boscos densos d'aciculifolis",
        "forestType": "forest_conif"
      }
    },
    {
      "type": "Feature",
      "geometry": {
        "type": "Point",
        "coordinates": [
          1.93564,
          41.38197
        ]
      },
      "properties": {
        "codi": "D3",
        "nom": "Vallirana",
        "altitud": 252,
        "comarca": "Baix Llobregat",
        "tipus": "A",
        "emplacament": "C. Arquitecte Baldric",
        "municipi": "Vallirana",
        "municipiCodi": "082956",
        "mcscClass": "343",
        "mcscName": "Zones urbanes laxes",
        "forestType": null
      }
    },
    {
      "type": "Feature",
      "geometry": {
        "type": "Point",
        "coordinates": [
          3.18147,
          42.27068
        ]
      },
      "properties": {
        "codi": "D4",
        "nom": "Roses",
        "altitud": 23,
        "comarca": "Alt Empordà",
        "tipus": "A",
        "emplacament": "Poliesportiu Municipal",
        "municipi": "Roses",
        "municipiCodi": "171523",
        "mcscClass": "352",
        "mcscName": "Sòl nu urbà",
        "forestType": null
      }
    },
    {
      "type": "Feature",
      "geometry": {
        "type": "Point",
        "coordinates": [
          2.12379,
          41.41864
        ]
      },
      "properties": {
        "codi": "D5",
        "nom": "Barcelona - Observatori Fabra",
        "altitud": 411,
        "comarca": "Barcelonès",
        "tipus": "A",
        "emplacament": "Observatori Fabra",
        "municipi": "Barcelona",
        "municipiCodi": "080193",
        "mcscClass": "223",
        "mcscName": "Boscos densos d'esclerofil·les i laurifolis",
        "forestType": "forest_sclerophyll"
      }
    },
    {
      "type": "Feature",
      "geometry": {
        "type": "Point",
        "coordinates": [
          3.16622,
          42.43515
        ]
      },
      "properties": {
        "codi": "D6",
        "nom": "Portbou - coll dels Belitres",
        "altitud": 196,
        "comarca": "Alt Empordà",
        "tipus": "A",
        "emplacament": "Punta de l'Aucell  (zona fronterera)",
        "municipi": "Portbou",
        "municipiCodi": "171387",
        "mcscClass": "224",
        "mcscName": "Matollar",
        "forestType": null
      }
    },
    {
      "type": "Feature",
      "geometry": {
        "type": "Point",
        "coordinates": [
          0.59376,
          41.18499
        ]
      },
      "properties": {
        "codi": "D7",
        "nom": "Vinebre",
        "altitud": 53,
        "comarca": "Ribera d'Ebre",
        "tipus": "A",
        "emplacament": "Partida de Mallols",
        "municipi": "Vinebre",
        "municipiCodi": "431779",
        "mcscClass": "352",
        "mcscName": "Sòl nu urbà",
        "forestType": null
      }
    },
    {
      "type": "Feature",
      "geometry": {
        "type": "Point",
        "coordinates": [
          0.30565,
          40.95134
        ]
      },
      "properties": {
        "codi": "D8",
        "nom": "Horta de Sant Joan",
        "altitud": 515,
        "comarca": "Terra Alta",
        "tipus": "A",
        "emplacament": "Les Forques",
        "municipi": "Horta de Sant Joan",
        "municipiCodi": "430712",
        "mcscClass": "228",
        "mcscName": "Prats i herbassars",
        "forestType": null
      }
    },
    {
      "type": "Feature",
      "geometry": {
        "type": "Point",
        "coordinates": [
          1.52121,
          41.21553
        ]
      },
      "properties": {
        "codi": "D9",
        "nom": "el Vendrell",
        "altitud": 59,
        "comarca": "Baix Penedès",
        "tipus": "A",
        "emplacament": "Instal·lacions esportives municipals",
        "municipi": "El Vendrell",
        "municipiCodi": "431634",
        "mcscClass": "352",
        "mcscName": "Sòl nu urbà",
        "forestType": null
      }
    },
    {
      "type": "Feature",
      "geometry": {
        "type": "Point",
        "coordinates": [
          0.71581,
          40.87287
        ]
      },
      "properties": {
        "codi": "DB",
        "nom": "el Perelló",
        "altitud": 179,
        "comarca": "Baix Ebre",
        "tipus": "A",
        "emplacament": "Dipòsit d'aigua",
        "municipi": "El Perelló",
        "municipiCodi": "431042",
        "mcscClass": "115",
        "mcscName": "Altres conreus llenyosos",
        "forestType": null
      }
    },
    {
      "type": "Feature",
      "geometry": {
        "type": "Point",
        "coordinates": [
          3.03543,
          41.97751
        ]
      },
      "properties": {
        "codi": "DF",
        "nom": "la Bisbal d'Empordà",
        "altitud": 28.6,
        "comarca": "Baix Empordà",
        "tipus": "A",
        "emplacament": "Estació depuradora",
        "municipi": "La Bisbal d'Empordà",
        "municipiCodi": "170221",
        "mcscClass": "111",
        "mcscName": "Conreus herbacis",
        "forestType": null
      }
    },
    {
      "type": "Feature",
      "geometry": {
        "type": "Point",
        "coordinates": [
          2.15517,
          42.39848
        ]
      },
      "properties": {
        "codi": "DG",
        "nom": "Núria (1.971 m)",
        "altitud": 1971.4,
        "comarca": "Ripollès",
        "tipus": "A",
        "emplacament": "Santuari de Núria",
        "municipi": "Queralbs",
        "municipiCodi": "170433",
        "mcscClass": "228",
        "mcscName": "Prats i herbassars",
        "forestType": null
      }
    },
    {
      "type": "Feature",
      "geometry": {
        "type": "Point",
        "coordinates": [
          1.62386,
          41.43292
        ]
      },
      "properties": {
        "codi": "DI",
        "nom": "Font-rubí",
        "altitud": 415,
        "comarca": "Alt Penedès",
        "tipus": "A",
        "emplacament": "Masia Ca l'Amàlia - Montjuic",
        "municipi": "Font-rubí",
        "municipiCodi": "080850",
        "mcscClass": "228",
        "mcscName": "Prats i herbassars",
        "forestType": null
      }
    },
    {
      "type": "Feature",
      "geometry": {
        "type": "Point",
        "coordinates": [
          2.78969,
          42.11653
        ]
      },
      "properties": {
        "codi": "DJ",
        "nom": "Banyoles",
        "altitud": 176,
        "comarca": "Pla de l'Estany",
        "tipus": "A",
        "emplacament": "Abocador comarcal de Puigpalter",
        "municipi": "Banyoles",
        "municipiCodi": "170157",
        "mcscClass": "228",
        "mcscName": "Prats i herbassars",
        "forestType": null
      }
    },
    {
      "type": "Feature",
      "geometry": {
        "type": "Point",
        "coordinates": [
          1.41846,
          41.14677
        ]
      },
      "properties": {
        "codi": "DK",
        "nom": "Torredembarra",
        "altitud": 2,
        "comarca": "Tarragonès",
        "tipus": "A",
        "emplacament": "Aiguamolls els Muntanyans",
        "municipi": "Torredembarra",
        "municipiCodi": "431536",
        "mcscClass": "352",
        "mcscName": "Sòl nu urbà",
        "forestType": null
      }
    },
    {
      "type": "Feature",
      "geometry": {
        "type": "Point",
        "coordinates": [
          0.83449,
          40.70719
        ]
      },
      "properties": {
        "codi": "DL",
        "nom": "Illa de Buda",
        "altitud": 0.5,
        "comarca": "Montsià",
        "tipus": "A",
        "emplacament": "Mas de Buda",
        "municipi": "Sant Jaume d'Enveja",
        "municipiCodi": "439023",
        "mcscClass": "111",
        "mcscName": "Conreus herbacis",
        "forestType": null
      }
    },
    {
      "type": "Feature",
      "geometry": {
        "type": "Point",
        "coordinates": [
          2.63108,
          41.96095
        ]
      },
      "properties": {
        "codi": "DN",
        "nom": "Anglès",
        "altitud": 150,
        "comarca": "Selva",
        "tipus": "A",
        "emplacament": "Poliesportiu municipal",
        "municipi": "Anglès",
        "municipiCodi": "170084",
        "mcscClass": "228",
        "mcscName": "Prats i herbassars",
        "forestType": null
      }
    },
    {
      "type": "Feature",
      "geometry": {
        "type": "Point",
        "coordinates": [
          3.03241,
          41.80857
        ]
      },
      "properties": {
        "codi": "DO",
        "nom": "Castell d'Aro",
        "altitud": 14,
        "comarca": "Baix Empordà",
        "tipus": "A",
        "emplacament": "Parc de Bombers",
        "municipi": "Castell d'Aro, Platja d'Aro i s'Agaró",
        "municipiCodi": "170486",
        "mcscClass": "111",
        "mcscName": "Conreus herbacis",
        "forestType": null
      }
    },
    {
      "type": "Feature",
      "geometry": {
        "type": "Point",
        "coordinates": [
          1.8664,
          42.38605
        ]
      },
      "properties": {
        "codi": "DP",
        "nom": "Das - Aeròdrom",
        "altitud": 1097,
        "comarca": "Cerdanya",
        "tipus": "A",
        "emplacament": "Aeròdrom de la Cerdanya",
        "municipi": "Das",
        "municipiCodi": "170617",
        "mcscClass": "228",
        "mcscName": "Prats i herbassars",
        "forestType": null
      }
    },
    {
      "type": "Feature",
      "geometry": {
        "type": "Point",
        "coordinates": [
          1.36259,
          41.30728
        ]
      },
      "properties": {
        "codi": "DQ",
        "nom": "Vila-rodona",
        "altitud": 287,
        "comarca": "Alt Camp",
        "tipus": "A",
        "emplacament": "Nova estació",
        "municipi": "Vila-rodona",
        "municipiCodi": "431704",
        "mcscClass": "224",
        "mcscName": "Matollar",
        "forestType": null
      }
    },
    {
      "type": "Feature",
      "geometry": {
        "type": "Point",
        "coordinates": [
          1.65306,
          41.58642
        ]
      },
      "properties": {
        "codi": "H1",
        "nom": "Òdena",
        "altitud": 333,
        "comarca": "Anoia",
        "tipus": "A",
        "emplacament": "Aeròdrom d'Òdena",
        "municipi": "Òdena",
        "municipiCodi": "081430",
        "mcscClass": "228",
        "mcscName": "Prats i herbassars",
        "forestType": null
      }
    },
    {
      "type": "Feature",
      "geometry": {
        "type": "Point",
        "coordinates": [
          2.83423,
          42.34215
        ]
      },
      "properties": {
        "codi": "J5",
        "nom": "Pantà de Darnius - Boadella",
        "altitud": 158,
        "comarca": "Alt Empordà",
        "tipus": "A",
        "emplacament": "Presa del Pantà de Darnius - Boadella",
        "municipi": "Darnius",
        "municipiCodi": "170600",
        "mcscClass": "461",
        "mcscName": "Embassaments",
        "forestType": null
      }
    },
    {
      "type": "Feature",
      "geometry": {
        "type": "Point",
        "coordinates": [
          2.41404,
          41.96867
        ]
      },
      "properties": {
        "codi": "KE",
        "nom": "Pantà de Sau",
        "altitud": 426,
        "comarca": "Osona",
        "tipus": "A",
        "emplacament": "Central hidroelèctrica de Sau",
        "municipi": "Vilanova de Sau",
        "municipiCodi": "083036",
        "mcscClass": "347",
        "mcscName": "Zones industrials, comercials i/o de serveis",
        "forestType": null
      }
    },
    {
      "type": "Feature",
      "geometry": {
        "type": "Point",
        "coordinates": [
          2.69436,
          41.73894
        ]
      },
      "properties": {
        "codi": "KP",
        "nom": "Fogars de la Selva",
        "altitud": 36,
        "comarca": "Selva",
        "tipus": "A",
        "emplacament": "Can Simó",
        "municipi": "Fogars de la Selva",
        "municipiCodi": "080826",
        "mcscClass": "347",
        "mcscName": "Zones industrials, comercials i/o de serveis",
        "forestType": null
      }
    },
    {
      "type": "Feature",
      "geometry": {
        "type": "Point",
        "coordinates": [
          2.36114,
          41.61865
        ]
      },
      "properties": {
        "codi": "KX",
        "nom": "la Roca del Vallès - ETAP Cardedeu",
        "altitud": 156,
        "comarca": "Vallès Oriental",
        "tipus": "A",
        "emplacament": "Planta tractament d'Aigües Ter - Llobregat",
        "municipi": "La Roca del Vallès",
        "municipiCodi": "081810",
        "mcscClass": "347",
        "mcscName": "Zones industrials, comercials i/o de serveis",
        "forestType": null
      }
    },
    {
      "type": "Feature",
      "geometry": {
        "type": "Point",
        "coordinates": [
          2.2427,
          42.22189
        ]
      },
      "properties": {
        "codi": "M6",
        "nom": "Sant Joan de les Abadesses",
        "altitud": 730,
        "comarca": "Ripollès",
        "tipus": "A",
        "emplacament": "Agrupació Esportiva del Ripollès",
        "municipi": "Sant Joan de les Abadesses",
        "municipiCodi": "171674",
        "mcscClass": "463",
        "mcscName": "Cursos d'aigua",
        "forestType": null
      }
    },
    {
      "type": "Feature",
      "geometry": {
        "type": "Point",
        "coordinates": [
          1.69584,
          41.92047
        ]
      },
      "properties": {
        "codi": "MQ",
        "nom": "Cardona",
        "altitud": 401,
        "comarca": "Bages",
        "tipus": "A",
        "emplacament": "Boca nord del túnel de desviament del Cardener",
        "municipi": "Cardona",
        "municipiCodi": "080478",
        "mcscClass": "228",
        "mcscName": "Prats i herbassars",
        "forestType": null
      }
    },
    {
      "type": "Feature",
      "geometry": {
        "type": "Point",
        "coordinates": [
          0.9106,
          41.25079
        ]
      },
      "properties": {
        "codi": "MR",
        "nom": "Pantà de Siurana",
        "altitud": 500,
        "comarca": "Priorat",
        "tipus": "A",
        "emplacament": "Pantà de Siurana - Xalet del Pantà",
        "municipi": "Cornudella de Montsant",
        "municipiCodi": "430496",
        "mcscClass": "221",
        "mcscName": "Boscos densos d'aciculifolis",
        "forestType": "forest_conif"
      }
    },
    {
      "type": "Feature",
      "geometry": {
        "type": "Point",
        "coordinates": [
          1.97609,
          42.25945
        ]
      },
      "properties": {
        "codi": "MS",
        "nom": "Castellar de n'Hug - el Clot del Moro",
        "altitud": 943,
        "comarca": "Berguedà",
        "tipus": "A",
        "emplacament": "Aforament Castellar de n'Hug",
        "municipi": "Castellar de n'Hug",
        "municipiCodi": "080522",
        "mcscClass": "352",
        "mcscName": "Sòl nu urbà",
        "forestType": null
      }
    },
    {
      "type": "Feature",
      "geometry": {
        "type": "Point",
        "coordinates": [
          1.67295,
          42.13598
        ]
      },
      "properties": {
        "codi": "MV",
        "nom": "Guixers - Valls",
        "altitud": 845,
        "comarca": "Solsonès",
        "tipus": "A",
        "emplacament": "Cal Teuler",
        "municipi": "Guixers",
        "municipiCodi": "251116",
        "mcscClass": "221",
        "mcscName": "Boscos densos d'aciculifolis",
        "forestType": "forest_conif"
      }
    },
    {
      "type": "Feature",
      "geometry": {
        "type": "Point",
        "coordinates": [
          1.65239,
          42.00707
        ]
      },
      "properties": {
        "codi": "MW",
        "nom": "Navès",
        "altitud": 545,
        "comarca": "Solsonès",
        "tipus": "A",
        "emplacament": "el Garrigar",
        "municipi": "Navès",
        "municipiCodi": "251462",
        "mcscClass": "221",
        "mcscName": "Boscos densos d'aciculifolis",
        "forestType": "forest_conif"
      }
    },
    {
      "type": "Feature",
      "geometry": {
        "type": "Point",
        "coordinates": [
          3.0968,
          42.17716
        ]
      },
      "properties": {
        "codi": "U2",
        "nom": "Sant Pere Pescador",
        "altitud": 4,
        "comarca": "Alt Empordà",
        "tipus": "A",
        "emplacament": "Mas Blanc, Mas Fages 17",
        "municipi": "Sant Pere Pescador",
        "municipiCodi": "171788",
        "mcscClass": "111",
        "mcscName": "Conreus herbacis",
        "forestType": null
      }
    },
    {
      "type": "Feature",
      "geometry": {
        "type": "Point",
        "coordinates": [
          1.63032,
          41.37491
        ]
      },
      "properties": {
        "codi": "U3",
        "nom": "Sant Martí Sarroca",
        "altitud": 257,
        "comarca": "Alt Penedès",
        "tipus": "A",
        "emplacament": "Mas Rabell de Fontenac",
        "municipi": "Sant Martí Sarroca",
        "municipiCodi": "082270",
        "mcscClass": "113",
        "mcscName": "Vinyes",
        "forestType": null
      }
    },
    {
      "type": "Feature",
      "geometry": {
        "type": "Point",
        "coordinates": [
          1.84699,
          41.83094
        ]
      },
      "properties": {
        "codi": "U4",
        "nom": "Castellnou de Bages",
        "altitud": 507,
        "comarca": "Bages",
        "tipus": "A",
        "emplacament": "Masia Can Vilaseca",
        "municipi": "Castellnou de Bages",
        "municipiCodi": "080620",
        "mcscClass": "111",
        "mcscName": "Conreus herbacis",
        "forestType": null
      }
    },
    {
      "type": "Feature",
      "geometry": {
        "type": "Point",
        "coordinates": [
          1.06661,
          41.08017
        ]
      },
      "properties": {
        "codi": "U6",
        "nom": "Vinyols i els Arcs - Cambrils",
        "altitud": 29,
        "comarca": "Baix Camp",
        "tipus": "A",
        "emplacament": "Casa Sant Josep - Escola la Salle",
        "municipi": "Vinyols i els Arcs",
        "municipiCodi": "431785",
        "mcscClass": "114",
        "mcscName": "Oliverars",
        "forestType": null
      }
    },
    {
      "type": "Feature",
      "geometry": {
        "type": "Point",
        "coordinates": [
          0.50525,
          40.85936
        ]
      },
      "properties": {
        "codi": "U7",
        "nom": "Aldover",
        "altitud": 52,
        "comarca": "Baix Ebre",
        "tipus": "A",
        "emplacament": "Granges de Fabra",
        "municipi": "Aldover",
        "municipiCodi": "430069",
        "mcscClass": "114",
        "mcscName": "Oliverars",
        "forestType": null
      }
    },
    {
      "type": "Feature",
      "geometry": {
        "type": "Point",
        "coordinates": [
          0.61635,
          40.76947
        ]
      },
      "properties": {
        "codi": "U9",
        "nom": "l'Aldea",
        "altitud": 62,
        "comarca": "Baix Ebre",
        "tipus": "A",
        "emplacament": "Barranc del Mas Roig",
        "municipi": "L'Aldea",
        "municipiCodi": "439044",
        "mcscClass": "114",
        "mcscName": "Oliverars",
        "forestType": null
      }
    },
    {
      "type": "Feature",
      "geometry": {
        "type": "Point",
        "coordinates": [
          0.76943,
          40.9091
        ]
      },
      "properties": {
        "codi": "UA",
        "nom": "l'Ametlla de Mar",
        "altitud": 93,
        "comarca": "Baix Ebre",
        "tipus": "A",
        "emplacament": "Caseta d'en Butxaca",
        "municipi": "L'Ametlla de Mar",
        "municipiCodi": "430136",
        "mcscClass": "114",
        "mcscName": "Oliverars",
        "forestType": null
      }
    },
    {
      "type": "Feature",
      "geometry": {
        "type": "Point",
        "coordinates": [
          3.06195,
          42.05398
        ]
      },
      "properties": {
        "codi": "UB",
        "nom": "la Tallada d'Empordà",
        "altitud": 15,
        "comarca": "Baix Empordà",
        "tipus": "A",
        "emplacament": "Findació Mas Badia - Canet de la Tallada",
        "municipi": "La Tallada d'Empordà",
        "municipiCodi": "171959",
        "mcscClass": "352",
        "mcscName": "Sòl nu urbà",
        "forestType": null
      }
    },
    {
      "type": "Feature",
      "geometry": {
        "type": "Point",
        "coordinates": [
          3.15719,
          42.02306
        ]
      },
      "properties": {
        "codi": "UE",
        "nom": "Torroella de Montgrí",
        "altitud": 4,
        "comarca": "Baix Empordà",
        "tipus": "A",
        "emplacament": "la Feixa Gata",
        "municipi": "Torroella de Montgrí",
        "municipiCodi": "171997",
        "mcscClass": "115",
        "mcscName": "Altres conreus llenyosos",
        "forestType": null
      }
    },
    {
      "type": "Feature",
      "geometry": {
        "type": "Point",
        "coordinates": [
          1.90775,
          41.28832
        ]
      },
      "properties": {
        "codi": "UF",
        "nom": "PN del Garraf - el Rascler",
        "altitud": 573,
        "comarca": "Baix Llobregat",
        "tipus": "A",
        "emplacament": "El Rascler - Centre de Repetidors Aeroport. Parc Natural del Garraf",
        "municipi": "Begues",
        "municipiCodi": "080207",
        "mcscClass": "224",
        "mcscName": "Matollar",
        "forestType": null
      }
    },
    {
      "type": "Feature",
      "geometry": {
        "type": "Point",
        "coordinates": [
          2.03787,
          41.29928
        ]
      },
      "properties": {
        "codi": "UG",
        "nom": "Viladecans",
        "altitud": 3,
        "comarca": "Baix Llobregat",
        "tipus": "A",
        "emplacament": "Planters Gusi, ctra. antiga de València, km 14",
        "municipi": "Viladecans",
        "municipiCodi": "083015",
        "mcscClass": "112",
        "mcscName": "Horta, vivers i conreus forçats",
        "forestType": null
      }
    },
    {
      "type": "Feature",
      "geometry": {
        "type": "Point",
        "coordinates": [
          1.48769,
          41.34171
        ]
      },
      "properties": {
        "codi": "UH",
        "nom": "el Montmell",
        "altitud": 545,
        "comarca": "Baix Penedès",
        "tipus": "A",
        "emplacament": "Finca Vallflor - Aigua Viva",
        "municipi": "El Montmell",
        "municipiCodi": "430901",
        "mcscClass": "221",
        "mcscName": "Boscos densos d'aciculifolis",
        "forestType": "forest_conif"
      }
    },
    {
      "type": "Feature",
      "geometry": {
        "type": "Point",
        "coordinates": [
          1.76218,
          42.26477
        ]
      },
      "properties": {
        "codi": "UI",
        "nom": "Gisclareny",
        "altitud": 1386,
        "comarca": "Berguedà",
        "tipus": "A",
        "emplacament": "Coll de la Bena - Font del Cabrer",
        "municipi": "Gisclareny",
        "municipiCodi": "080930",
        "mcscClass": "221",
        "mcscName": "Boscos densos d'aciculifolis",
        "forestType": "forest_conif"
      }
    },
    {
      "type": "Feature",
      "geometry": {
        "type": "Point",
        "coordinates": [
          1.3683,
          41.52879
        ]
      },
      "properties": {
        "codi": "UJ",
        "nom": "Santa Coloma de Queralt",
        "altitud": 709,
        "comarca": "Conca de Barberà",
        "tipus": "A",
        "emplacament": "Partida la Cabana",
        "municipi": "Santa Coloma de Queralt",
        "municipiCodi": "431397",
        "mcscClass": "111",
        "mcscName": "Conreus herbacis",
        "forestType": null
      }
    },
    {
      "type": "Feature",
      "geometry": {
        "type": "Point",
        "coordinates": [
          1.80479,
          41.27861
        ]
      },
      "properties": {
        "codi": "UK",
        "nom": "Sant Pere de Ribes - PN del Garraf",
        "altitud": 161,
        "comarca": "Garraf",
        "tipus": "A",
        "emplacament": "Granja escola Can Pere",
        "municipi": "Sant Pere de Ribes",
        "municipiCodi": "082310",
        "mcscClass": "221",
        "mcscName": "Boscos densos d'aciculifolis",
        "forestType": "forest_conif"
      }
    },
    {
      "type": "Feature",
      "geometry": {
        "type": "Point",
        "coordinates": [
          0.66789,
          41.35991
        ]
      },
      "properties": {
        "codi": "UM",
        "nom": "la Granadella",
        "altitud": 505,
        "comarca": "Garrigues",
        "tipus": "A",
        "emplacament": "Horts de la Vall Major",
        "municipi": "La Granadella",
        "municipiCodi": "251018",
        "mcscClass": "111",
        "mcscName": "Conreus herbacis",
        "forestType": null
      }
    },
    {
      "type": "Feature",
      "geometry": {
        "type": "Point",
        "coordinates": [
          2.92694,
          41.87449
        ]
      },
      "properties": {
        "codi": "UN",
        "nom": "Cassà de la Selva",
        "altitud": 171,
        "comarca": "Gironès",
        "tipus": "A",
        "emplacament": "Finca Mas Bassets",
        "municipi": "Cassà de la Selva",
        "municipiCodi": "170448",
        "mcscClass": "223",
        "mcscName": "Boscos densos d'esclerofil·les i laurifolis",
        "forestType": "forest_sclerophyll"
      }
    },
    {
      "type": "Feature",
      "geometry": {
        "type": "Point",
        "coordinates": [
          2.82069,
          41.91461
        ]
      },
      "properties": {
        "codi": "UO",
        "nom": "Fornells de la Selva",
        "altitud": 97,
        "comarca": "Gironès",
        "tipus": "A",
        "emplacament": "La Torre de Reset",
        "municipi": "Fornells de la Selva",
        "municipiCodi": "170736",
        "mcscClass": "111",
        "mcscName": "Conreus herbacis",
        "forestType": null
      }
    },
    {
      "type": "Feature",
      "geometry": {
        "type": "Point",
        "coordinates": [
          2.37702,
          41.51773
        ]
      },
      "properties": {
        "codi": "UP",
        "nom": "Cabrils",
        "altitud": 81,
        "comarca": "Maresme",
        "tipus": "A",
        "emplacament": "IRTA Cabrils, crta. de Vilassar a Cabrils, s/n",
        "municipi": "Cabrils",
        "municipiCodi": "080305",
        "mcscClass": "112",
        "mcscName": "Horta, vivers i conreus forçats",
        "forestType": null
      }
    },
    {
      "type": "Feature",
      "geometry": {
        "type": "Point",
        "coordinates": [
          2.44532,
          41.61991
        ]
      },
      "properties": {
        "codi": "UQ",
        "nom": "Dosrius - PN Montnegre Corredor",
        "altitud": 460,
        "comarca": "Maresme",
        "tipus": "A",
        "emplacament": "Parc Natural del Corredor. Masia Can Bosc",
        "municipi": "Dosrius",
        "municipiCodi": "080752",
        "mcscClass": "111",
        "mcscName": "Conreus herbacis",
        "forestType": null
      }
    },
    {
      "type": "Feature",
      "geometry": {
        "type": "Point",
        "coordinates": [
          0.52329,
          40.55786
        ]
      },
      "properties": {
        "codi": "US",
        "nom": "les Cases d'Alcanar",
        "altitud": 24,
        "comarca": "Montsià",
        "tipus": "A",
        "emplacament": "El Mas d'en Serra - Barranc de St. Jaume",
        "municipi": "Alcanar",
        "municipiCodi": "430043",
        "mcscClass": "115",
        "mcscName": "Altres conreus llenyosos",
        "forestType": null
      }
    },
    {
      "type": "Feature",
      "geometry": {
        "type": "Point",
        "coordinates": [
          0.6321,
          40.70776
        ]
      },
      "properties": {
        "codi": "UU",
        "nom": "Amposta",
        "altitud": 3,
        "comarca": "Montsià",
        "tipus": "A",
        "emplacament": "IRTA - Estació Exp. Ebre, ctra. de Balada, s/n",
        "municipi": "Amposta",
        "municipiCodi": "430141",
        "mcscClass": "111",
        "mcscName": "Conreus herbacis",
        "forestType": null
      }
    },
    {
      "type": "Feature",
      "geometry": {
        "type": "Point",
        "coordinates": [
          0.65922,
          40.62725
        ]
      },
      "properties": {
        "codi": "UW",
        "nom": "els Alfacs",
        "altitud": 0,
        "comarca": "Montsià",
        "tipus": "A",
        "emplacament": "IRTA Centre d'Aqüicultura, crta. Poble Nou del Delta, km 5,5",
        "municipi": "La Ràpita",
        "municipiCodi": "431362",
        "mcscClass": "347",
        "mcscName": "Zones industrials, comercials i/o de serveis",
        "forestType": null
      }
    },
    {
      "type": "Feature",
      "geometry": {
        "type": "Point",
        "coordinates": [
          0.37112,
          40.62652
        ]
      },
      "properties": {
        "codi": "UX",
        "nom": "Ulldecona - els Valentins",
        "altitud": 210,
        "comarca": "Montsià",
        "tipus": "A",
        "emplacament": "Comunitat de regants del Pou Valentins",
        "municipi": "Ulldecona",
        "municipiCodi": "431567",
        "mcscClass": "228",
        "mcscName": "Prats i herbassars",
        "forestType": null
      }
    },
    {
      "type": "Feature",
      "geometry": {
        "type": "Point",
        "coordinates": [
          0.76103,
          41.87912
        ]
      },
      "properties": {
        "codi": "UY",
        "nom": "Os de Balaguer - el Monestir d'Avellanes",
        "altitud": 576,
        "comarca": "Noguera",
        "tipus": "A",
        "emplacament": "Quatre Vents - Monestir de les Avellanes",
        "municipi": "Os de Balaguer",
        "municipiCodi": "251569",
        "mcscClass": "224",
        "mcscName": "Matollar",
        "forestType": null
      }
    },
    {
      "type": "Feature",
      "geometry": {
        "type": "Point",
        "coordinates": [
          0.82939,
          41.78487
        ]
      },
      "properties": {
        "codi": "V1",
        "nom": "Vallfogona de Balaguer",
        "altitud": 238,
        "comarca": "Noguera",
        "tipus": "A",
        "emplacament": "Escola de Cap. Agrària - Finca l'Empalme",
        "municipi": "Vallfogona de Balaguer",
        "municipiCodi": "252402",
        "mcscClass": "112",
        "mcscName": "Horta, vivers i conreus forçats",
        "forestType": null
      }
    },
    {
      "type": "Feature",
      "geometry": {
        "type": "Point",
        "coordinates": [
          2.21483,
          42.11477
        ]
      },
      "properties": {
        "codi": "V4",
        "nom": "Montesquiu",
        "altitud": 684,
        "comarca": "Osona",
        "tipus": "A",
        "emplacament": "Castell de Montesquiu",
        "municipi": "Montesquiu",
        "municipiCodi": "081311",
        "mcscClass": "228",
        "mcscName": "Prats i herbassars",
        "forestType": null
      }
    },
    {
      "type": "Feature",
      "geometry": {
        "type": "Point",
        "coordinates": [
          2.11993,
          42.03947
        ]
      },
      "properties": {
        "codi": "V5",
        "nom": "Perafita",
        "altitud": 774,
        "comarca": "Lluçanès",
        "tipus": "A",
        "emplacament": "Finca la Tria",
        "municipi": "Perafita",
        "municipiCodi": "081607",
        "mcscClass": "111",
        "mcscName": "Conreus herbacis",
        "forestType": null
      }
    },
    {
      "type": "Feature",
      "geometry": {
        "type": "Point",
        "coordinates": [
          0.87741,
          41.67279
        ]
      },
      "properties": {
        "codi": "V8",
        "nom": "el Poal",
        "altitud": 223,
        "comarca": "Pla d'Urgell",
        "tipus": "A",
        "emplacament": "Finca el Molinet, c. Afores, s/n",
        "municipi": "El Poal",
        "municipiCodi": "251689",
        "mcscClass": "115",
        "mcscName": "Altres conreus llenyosos",
        "forestType": null
      }
    },
    {
      "type": "Feature",
      "geometry": {
        "type": "Point",
        "coordinates": [
          0.51101,
          41.1964
        ]
      },
      "properties": {
        "codi": "VA",
        "nom": "Ascó",
        "altitud": 256,
        "comarca": "Ribera d'Ebre",
        "tipus": "A",
        "emplacament": "Camí de la Serra de les Moncas",
        "municipi": "Ascó",
        "municipiCodi": "430192",
        "mcscClass": "114",
        "mcscName": "Oliverars",
        "forestType": null
      }
    },
    {
      "type": "Feature",
      "geometry": {
        "type": "Point",
        "coordinates": [
          0.63517,
          41.06289
        ]
      },
      "properties": {
        "codi": "VB",
        "nom": "Benissanet",
        "altitud": 32,
        "comarca": "Ribera d'Ebre",
        "tipus": "A",
        "emplacament": "Grup Fruiter Benissanet, crta. de Mora, s/n",
        "municipi": "Benissanet",
        "municipiCodi": "430265",
        "mcscClass": "352",
        "mcscName": "Sòl nu urbà",
        "forestType": null
      }
    },
    {
      "type": "Feature",
      "geometry": {
        "type": "Point",
        "coordinates": [
          0.43266,
          41.24415
        ]
      },
      "properties": {
        "codi": "VC",
        "nom": "Pantà de Riba-roja",
        "altitud": 69,
        "comarca": "Ribera d'Ebre",
        "tipus": "A",
        "emplacament": "Presa de Riba-roja",
        "municipi": "Riba-roja d'Ebre",
        "municipiCodi": "431251",
        "mcscClass": "463",
        "mcscName": "Cursos d'aigua",
        "forestType": null
      }
    },
    {
      "type": "Feature",
      "geometry": {
        "type": "Point",
        "coordinates": [
          1.20381,
          41.68939
        ]
      },
      "properties": {
        "codi": "VD",
        "nom": "el Canós",
        "altitud": 429,
        "comarca": "Segarra",
        "tipus": "A",
        "emplacament": "Camí de la Figuerosa",
        "municipi": "Els Plans de Sió",
        "municipiCodi": "259118",
        "mcscClass": "111",
        "mcscName": "Conreus herbacis",
        "forestType": null
      }
    },
    {
      "type": "Feature",
      "geometry": {
        "type": "Point",
        "coordinates": [
          0.3932,
          41.65825
        ]
      },
      "properties": {
        "codi": "VH",
        "nom": "Gimenells",
        "altitud": 260,
        "comarca": "Segrià",
        "tipus": "A",
        "emplacament": "IRTA - Estació de Gimenells",
        "municipi": "Gimenells i el Pla de la Font",
        "municipiCodi": "259123",
        "mcscClass": "228",
        "mcscName": "Prats i herbassars",
        "forestType": null
      }
    },
    {
      "type": "Feature",
      "geometry": {
        "type": "Point",
        "coordinates": [
          0.4487,
          41.68328
        ]
      },
      "properties": {
        "codi": "VK",
        "nom": "Raimat",
        "altitud": 286,
        "comarca": "Segrià",
        "tipus": "A",
        "emplacament": "Finca Montserrat - Raimat",
        "municipi": "Lleida",
        "municipiCodi": "251207",
        "mcscClass": "115",
        "mcscName": "Altres conreus llenyosos",
        "forestType": null
      }
    },
    {
      "type": "Feature",
      "geometry": {
        "type": "Point",
        "coordinates": [
          0.62839,
          41.7145
        ]
      },
      "properties": {
        "codi": "VM",
        "nom": "Vilanova de Segrià",
        "altitud": 222,
        "comarca": "Segrià",
        "tipus": "A",
        "emplacament": "Partida lo Sort",
        "municipi": "Vilanova de Segrià",
        "municipiCodi": "252516",
        "mcscClass": "111",
        "mcscName": "Conreus herbacis",
        "forestType": null
      }
    },
    {
      "type": "Feature",
      "geometry": {
        "type": "Point",
        "coordinates": [
          1.42792,
          42.08745
        ]
      },
      "properties": {
        "codi": "VO",
        "nom": "Lladurs",
        "altitud": 785,
        "comarca": "Solsonès",
        "tipus": "A",
        "emplacament": "Masia el Pla - Montpol",
        "municipi": "Lladurs",
        "municipiCodi": "251240",
        "mcscClass": "228",
        "mcscName": "Prats i herbassars",
        "forestType": null
      }
    },
    {
      "type": "Feature",
      "geometry": {
        "type": "Point",
        "coordinates": [
          1.53853,
          41.80483
        ]
      },
      "properties": {
        "codi": "VP",
        "nom": "Pinós",
        "altitud": 659,
        "comarca": "Solsonès",
        "tipus": "A",
        "emplacament": "Masia Can Caselles",
        "municipi": "Pinós",
        "municipiCodi": "251673",
        "mcscClass": "111",
        "mcscName": "Conreus herbacis",
        "forestType": null
      }
    },
    {
      "type": "Feature",
      "geometry": {
        "type": "Point",
        "coordinates": [
          1.16774,
          41.1713
        ]
      },
      "properties": {
        "codi": "VQ",
        "nom": "Constantí",
        "altitud": 112,
        "comarca": "Tarragonès",
        "tipus": "A",
        "emplacament": "IRTA - Centre de Mas Bové. Apt. correus 415",
        "municipi": "Constantí",
        "municipiCodi": "430477",
        "mcscClass": "114",
        "mcscName": "Oliverars",
        "forestType": null
      }
    },
    {
      "type": "Feature",
      "geometry": {
        "type": "Point",
        "coordinates": [
          0.77889,
          42.63835
        ]
      },
      "properties": {
        "codi": "VS",
        "nom": "Lac Redon (2.247 m)",
        "altitud": 2247,
        "comarca": "Val d'Aran",
        "tipus": "A",
        "emplacament": "Lac Redon - Tuc deth Pòrt de Vielha",
        "municipi": "Vielha e Mijaran",
        "municipiCodi": "252430",
        "mcscClass": "228",
        "mcscName": "Prats i herbassars",
        "forestType": null
      }
    },
    {
      "type": "Feature",
      "geometry": {
        "type": "Point",
        "coordinates": [
          1.91718,
          41.63286
        ]
      },
      "properties": {
        "codi": "VU",
        "nom": "Rellinars",
        "altitud": 421,
        "comarca": "Vallès Occidental",
        "tipus": "A",
        "emplacament": "Puig de la Ballesta",
        "municipi": "Rellinars",
        "municipiCodi": "081799",
        "mcscClass": "221",
        "mcscName": "Boscos densos d'aciculifolis",
        "forestType": "forest_conif"
      }
    },
    {
      "type": "Feature",
      "geometry": {
        "type": "Point",
        "coordinates": [
          2.02647,
          41.68129
        ]
      },
      "properties": {
        "codi": "VV",
        "nom": "Sant Llorenç Savall",
        "altitud": 528,
        "comarca": "Vallès Occidental",
        "tipus": "A",
        "emplacament": "Masia Can Brossa",
        "municipi": "Sant Llorenç Savall",
        "municipiCodi": "082233",
        "mcscClass": "347",
        "mcscName": "Zones industrials, comercials i/o de serveis",
        "forestType": null
      }
    },
    {
      "type": "Feature",
      "geometry": {
        "type": "Point",
        "coordinates": [
          2.30291,
          41.74761
        ]
      },
      "properties": {
        "codi": "VX",
        "nom": "Tagamanent - PN del Montseny",
        "altitud": 1030,
        "comarca": "Vallès Oriental",
        "tipus": "A",
        "emplacament": "Can Bellver - Serrat de Bellver. Parc Natural del Montseny",
        "municipi": "Tagamanent",
        "municipiCodi": "082763",
        "mcscClass": "228",
        "mcscName": "Prats i herbassars",
        "forestType": null
      }
    },
    {
      "type": "Feature",
      "geometry": {
        "type": "Point",
        "coordinates": [
          1.29863,
          41.25095
        ]
      },
      "properties": {
        "codi": "VY",
        "nom": "Nulles",
        "altitud": 240,
        "comarca": "Alt Camp",
        "tipus": "A",
        "emplacament": "Cooperativa agrària",
        "municipi": "Nulles",
        "municipiCodi": "430982",
        "mcscClass": "224",
        "mcscName": "Matollar",
        "forestType": null
      }
    },
    {
      "type": "Feature",
      "geometry": {
        "type": "Point",
        "coordinates": [
          3.00736,
          42.38443
        ]
      },
      "properties": {
        "codi": "VZ",
        "nom": "Espolla",
        "altitud": 83,
        "comarca": "Alt Empordà",
        "tipus": "A",
        "emplacament": "Llaurants. Ref. Cadastral: Pol. 5, parc.195",
        "municipi": "Espolla",
        "municipiCodi": "170643",
        "mcscClass": "113",
        "mcscName": "Vinyes",
        "forestType": null
      }
    },
    {
      "type": "Feature",
      "geometry": {
        "type": "Point",
        "coordinates": [
          3.09021,
          42.24726
        ]
      },
      "properties": {
        "codi": "W1",
        "nom": "Castelló d'Empúries",
        "altitud": 2,
        "comarca": "Alt Empordà",
        "tipus": "A",
        "emplacament": "Can Garriga - Mas Bellesguard",
        "municipi": "Castelló d'Empúries",
        "municipiCodi": "170470",
        "mcscClass": "111",
        "mcscName": "Conreus herbacis",
        "forestType": null
      }
    },
    {
      "type": "Feature",
      "geometry": {
        "type": "Point",
        "coordinates": [
          1.72857,
          41.36619
        ]
      },
      "properties": {
        "codi": "W4",
        "nom": "Vilafranca del Penedès - la Granada",
        "altitud": 240,
        "comarca": "Alt Penedès",
        "tipus": "A",
        "emplacament": "Rasa de Sagols",
        "municipi": "Vilafranca del Penedès",
        "municipiCodi": "083054",
        "mcscClass": "113",
        "mcscName": "Vinyes",
        "forestType": null
      }
    },
    {
      "type": "Feature",
      "geometry": {
        "type": "Point",
        "coordinates": [
          1.31489,
          42.07683
        ]
      },
      "properties": {
        "codi": "W5",
        "nom": "Oliana",
        "altitud": 490,
        "comarca": "Alt Urgell",
        "tipus": "A",
        "emplacament": "Partida Esclotes",
        "municipi": "Oliana",
        "municipiCodi": "251497",
        "mcscClass": "111",
        "mcscName": "Conreus herbacis",
        "forestType": null
      }
    },
    {
      "type": "Feature",
      "geometry": {
        "type": "Point",
        "coordinates": [
          1.15998,
          41.44237
        ]
      },
      "properties": {
        "codi": "W8",
        "nom": "Blancafort",
        "altitud": 438,
        "comarca": "Conca de Barberà",
        "tipus": "A",
        "emplacament": "Cooperativa vinícola, pl.del Sindicat",
        "municipi": "Blancafort",
        "municipiCodi": "430290",
        "mcscClass": "111",
        "mcscName": "Conreus herbacis",
        "forestType": null
      }
    },
    {
      "type": "Feature",
      "geometry": {
        "type": "Point",
        "coordinates": [
          2.45451,
          42.14557
        ]
      },
      "properties": {
        "codi": "W9",
        "nom": "la Vall d'en Bas",
        "altitud": 461,
        "comarca": "Garrotxa",
        "tipus": "A",
        "emplacament": "Escola Verntallat",
        "municipi": "La Vall d'en Bas",
        "municipiCodi": "172076",
        "mcscClass": "111",
        "mcscName": "Conreus herbacis",
        "forestType": null
      }
    },
    {
      "type": "Feature",
      "geometry": {
        "type": "Point",
        "coordinates": [
          1.1541,
          41.87694
        ]
      },
      "properties": {
        "codi": "WA",
        "nom": "Oliola",
        "altitud": 443,
        "comarca": "Noguera",
        "tipus": "A",
        "emplacament": "Partida l'Era",
        "municipi": "Oliola",
        "municipiCodi": "251500",
        "mcscClass": "224",
        "mcscName": "Matollar",
        "forestType": null
      }
    },
    {
      "type": "Feature",
      "geometry": {
        "type": "Point",
        "coordinates": [
          0.67022,
          41.76036
        ]
      },
      "properties": {
        "codi": "WB",
        "nom": "Albesa",
        "altitud": 267,
        "comarca": "Noguera",
        "tipus": "A",
        "emplacament": "Partida l'Eral, camí del Torricó",
        "municipi": "Albesa",
        "municipiCodi": "250083",
        "mcscClass": "228",
        "mcscName": "Prats i herbassars",
        "forestType": null
      }
    },
    {
      "type": "Feature",
      "geometry": {
        "type": "Point",
        "coordinates": [
          0.92446,
          41.63642
        ]
      },
      "properties": {
        "codi": "WC",
        "nom": "Golmés",
        "altitud": 261,
        "comarca": "Pla d'Urgell",
        "tipus": "A",
        "emplacament": "Partida Fogones",
        "municipi": "Golmés",
        "municipiCodi": "250997",
        "mcscClass": "224",
        "mcscName": "Matollar",
        "forestType": null
      }
    },
    {
      "type": "Feature",
      "geometry": {
        "type": "Point",
        "coordinates": [
          0.64804,
          41.80104
        ]
      },
      "properties": {
        "codi": "WG",
        "nom": "Algerri",
        "altitud": 301,
        "comarca": "Noguera",
        "tipus": "A",
        "emplacament": "Comunitat de regants d'Algerri, ctra. d'Albesa, s/n",
        "municipi": "Algerri",
        "municipiCodi": "250156",
        "mcscClass": "347",
        "mcscName": "Zones industrials, comercials i/o de serveis",
        "forestType": null
      }
    },
    {
      "type": "Feature",
      "geometry": {
        "type": "Point",
        "coordinates": [
          0.4809,
          41.35741
        ]
      },
      "properties": {
        "codi": "WI",
        "nom": "Maials",
        "altitud": 350,
        "comarca": "Segrià",
        "tipus": "A",
        "emplacament": "Paratge d'Argelagar",
        "municipi": "Maials",
        "municipiCodi": "251333",
        "mcscClass": "115",
        "mcscName": "Altres conreus llenyosos",
        "forestType": null
      }
    },
    {
      "type": "Feature",
      "geometry": {
        "type": "Point",
        "coordinates": [
          0.72182,
          41.1223
        ]
      },
      "properties": {
        "codi": "WJ",
        "nom": "el Masroig",
        "altitud": 141,
        "comarca": "Priorat",
        "tipus": "A",
        "emplacament": "Finca Terranova",
        "municipi": "El Masroig",
        "municipiCodi": "430825",
        "mcscClass": "113",
        "mcscName": "Vinyes",
        "forestType": null
      }
    },
    {
      "type": "Feature",
      "geometry": {
        "type": "Point",
        "coordinates": [
          0.57768,
          41.81949
        ]
      },
      "properties": {
        "codi": "WK",
        "nom": "Alfarràs",
        "altitud": 268,
        "comarca": "Segrià",
        "tipus": "A",
        "emplacament": "Escola de Capacitació Agrària d'Alfarràs(de 1997 a 2001, és Almenar)",
        "municipi": "Alfarràs",
        "municipiCodi": "250138",
        "mcscClass": "115",
        "mcscName": "Altres conreus llenyosos",
        "forestType": null
      }
    },
    {
      "type": "Feature",
      "geometry": {
        "type": "Point",
        "coordinates": [
          1.0882,
          41.57236
        ]
      },
      "properties": {
        "codi": "WL",
        "nom": "Sant Martí de Riucorb",
        "altitud": 413,
        "comarca": "Urgell",
        "tipus": "A",
        "emplacament": "Camí de les Comes, pol. 2, parc. 137",
        "municipi": "Sant Martí de Riucorb",
        "municipiCodi": "259025",
        "mcscClass": "111",
        "mcscName": "Conreus herbacis",
        "forestType": null
      }
    },
    {
      "type": "Feature",
      "geometry": {
        "type": "Point",
        "coordinates": [
          1.8267,
          42.10736
        ]
      },
      "properties": {
        "codi": "WM",
        "nom": "Santuari de Queralt",
        "altitud": 1167,
        "comarca": "Berguedà",
        "tipus": "A",
        "emplacament": "Santuari de la Mare de Déu de Queralt",
        "municipi": "Berga",
        "municipiCodi": "080229",
        "mcscClass": "346",
        "mcscName": "Zones verdes",
        "forestType": null
      }
    },
    {
      "type": "Feature",
      "geometry": {
        "type": "Point",
        "coordinates": [
          1.83751,
          41.59539
        ]
      },
      "properties": {
        "codi": "WN",
        "nom": "Montserrat - Sant Dimes",
        "altitud": 916,
        "comarca": "Bages",
        "tipus": "A",
        "emplacament": "Ermita de Sant Dimes",
        "municipi": "Monistrol de Montserrat",
        "municipiCodi": "081271",
        "mcscClass": "232",
        "mcscName": "Roquissars i congestes",
        "forestType": null
      }
    },
    {
      "type": "Feature",
      "geometry": {
        "type": "Point",
        "coordinates": [
          1.46717,
          41.27151
        ]
      },
      "properties": {
        "codi": "WO",
        "nom": "la Bisbal del Penedès",
        "altitud": 185,
        "comarca": "Baix Penedès",
        "tipus": "A",
        "emplacament": "Fondo de Cal Sumoi",
        "municipi": "La Bisbal del Penedès",
        "municipiCodi": "430287",
        "mcscClass": "114",
        "mcscName": "Oliverars",
        "forestType": null
      }
    },
    {
      "type": "Feature",
      "geometry": {
        "type": "Point",
        "coordinates": [
          1.69337,
          41.48518
        ]
      },
      "properties": {
        "codi": "WP",
        "nom": "Canaletes",
        "altitud": 325,
        "comarca": "Alt Penedès",
        "tipus": "A",
        "emplacament": "Camp del Roure - Can Feixes",
        "municipi": "Mediona",
        "municipiCodi": "081228",
        "mcscClass": "113",
        "mcscName": "Vinyes",
        "forestType": null
      }
    },
    {
      "type": "Feature",
      "geometry": {
        "type": "Point",
        "coordinates": [
          0.72952,
          42.0513
        ]
      },
      "properties": {
        "codi": "WQ",
        "nom": "Montsec d'Ares (1.572 m)",
        "altitud": 1572,
        "comarca": "Pallars Jussà",
        "tipus": "A",
        "emplacament": "Serra de la Corona - Centre d'Observació de l'Univers",
        "municipi": "Sant Esteve de la Sarga",
        "municipiCodi": "251961",
        "mcscClass": "352",
        "mcscName": "Sòl nu urbà",
        "forestType": null
      }
    },
    {
      "type": "Feature",
      "geometry": {
        "type": "Point",
        "coordinates": [
          0.79748,
          41.2163
        ]
      },
      "properties": {
        "codi": "WR",
        "nom": "Torroja del Priorat",
        "altitud": 300,
        "comarca": "Priorat",
        "tipus": "A",
        "emplacament": "Ref.cadastral: Pol. 3, parc. 38",
        "municipi": "Torroja del Priorat",
        "municipiCodi": "431541",
        "mcscClass": "113",
        "mcscName": "Vinyes",
        "forestType": null
      }
    },
    {
      "type": "Feature",
      "geometry": {
        "type": "Point",
        "coordinates": [
          2.41877,
          41.84008
        ]
      },
      "properties": {
        "codi": "WS",
        "nom": "Viladrau",
        "altitud": 953,
        "comarca": "Osona",
        "tipus": "A",
        "emplacament": "Mas Vilarmau",
        "municipi": "Viladrau",
        "municipiCodi": "172207",
        "mcscClass": "111",
        "mcscName": "Conreus herbacis",
        "forestType": null
      }
    },
    {
      "type": "Feature",
      "geometry": {
        "type": "Point",
        "coordinates": [
          2.75658,
          41.64707
        ]
      },
      "properties": {
        "codi": "WT",
        "nom": "Malgrat de Mar",
        "altitud": 2,
        "comarca": "Maresme",
        "tipus": "A",
        "emplacament": "Camí de la Pomereda",
        "municipi": "Malgrat de Mar",
        "municipiCodi": "081108",
        "mcscClass": "228",
        "mcscName": "Prats i herbassars",
        "forestType": null
      }
    },
    {
      "type": "Feature",
      "geometry": {
        "type": "Point",
        "coordinates": [
          2.24757,
          41.45215
        ]
      },
      "properties": {
        "codi": "WU",
        "nom": "Badalona - Museu",
        "altitud": 42,
        "comarca": "Barcelonès",
        "tipus": "A",
        "emplacament": "Museu",
        "municipi": "Badalona",
        "municipiCodi": "080155",
        "mcscClass": "342",
        "mcscName": "Eixample",
        "forestType": null
      }
    },
    {
      "type": "Feature",
      "geometry": {
        "type": "Point",
        "coordinates": [
          1.87485,
          42.23414
        ]
      },
      "properties": {
        "codi": "WV",
        "nom": "Guardiola de Berguedà",
        "altitud": 788,
        "comarca": "Berguedà",
        "tipus": "A",
        "emplacament": "Monestir de Sant Llorenç prop Bagà",
        "municipi": "Guardiola de Berguedà",
        "municipiCodi": "080996",
        "mcscClass": "228",
        "mcscName": "Prats i herbassars",
        "forestType": null
      }
    },
    {
      "type": "Feature",
      "geometry": {
        "type": "Point",
        "coordinates": [
          1.9368,
          41.79423
        ]
      },
      "properties": {
        "codi": "WW",
        "nom": "Artés",
        "altitud": 278,
        "comarca": "Bages",
        "tipus": "A",
        "emplacament": "Artés",
        "municipi": "Artés",
        "municipiCodi": "080109",
        "mcscClass": "113",
        "mcscName": "Vinyes",
        "forestType": null
      }
    },
    {
      "type": "Feature",
      "geometry": {
        "type": "Point",
        "coordinates": [
          0.88175,
          41.9178
        ]
      },
      "properties": {
        "codi": "WX",
        "nom": "Camarasa",
        "altitud": 668,
        "comarca": "Noguera",
        "tipus": "A",
        "emplacament": "Camarasa",
        "municipi": "Camarasa",
        "municipiCodi": "250621",
        "mcscClass": "224",
        "mcscName": "Matollar",
        "forestType": null
      }
    },
    {
      "type": "Feature",
      "geometry": {
        "type": "Point",
        "coordinates": [
          1.63346,
          41.20187
        ]
      },
      "properties": {
        "codi": "WZ",
        "nom": "Cunit",
        "altitud": 17,
        "comarca": "Baix Penedès",
        "tipus": "A",
        "emplacament": "-",
        "municipi": "Cunit",
        "municipiCodi": "430516",
        "mcscClass": "343",
        "mcscName": "Zones urbanes laxes",
        "forestType": null
      }
    },
    {
      "type": "Feature",
      "geometry": {
        "type": "Point",
        "coordinates": [
          0.81953,
          41.15374
        ]
      },
      "properties": {
        "codi": "X1",
        "nom": "Falset",
        "altitud": 359,
        "comarca": "Priorat",
        "tipus": "A",
        "emplacament": "Abocador comarcal. Crta de Porrera",
        "municipi": "Falset",
        "municipiCodi": "430555",
        "mcscClass": "224",
        "mcscName": "Matollar",
        "forestType": null
      }
    },
    {
      "type": "Feature",
      "geometry": {
        "type": "Point",
        "coordinates": [
          0.5358,
          41.74281
        ]
      },
      "properties": {
        "codi": "X3",
        "nom": "Alguaire",
        "altitud": 370,
        "comarca": "Segrià",
        "tipus": "A",
        "emplacament": "Aeròdrom",
        "municipi": "Alguaire",
        "municipiCodi": "250169",
        "mcscClass": "111",
        "mcscName": "Conreus herbacis",
        "forestType": null
      }
    },
    {
      "type": "Feature",
      "geometry": {
        "type": "Point",
        "coordinates": [
          2.16775,
          41.3839
        ]
      },
      "properties": {
        "codi": "X4",
        "nom": "Barcelona - el Raval",
        "altitud": 33,
        "comarca": "Barcelonès",
        "tipus": "A",
        "emplacament": "Facultat de Geografia i Història. c. Montalegre nº6, 6a",
        "municipi": "Barcelona",
        "municipiCodi": "080193",
        "mcscClass": "347",
        "mcscName": "Zones industrials, comercials i/o de serveis",
        "forestType": null
      }
    },
    {
      "type": "Feature",
      "geometry": {
        "type": "Point",
        "coordinates": [
          0.31822,
          40.79705
        ]
      },
      "properties": {
        "codi": "X5",
        "nom": "PN dels Ports",
        "altitud": 1055,
        "comarca": "Baix Ebre",
        "tipus": "A",
        "emplacament": "Montpublic 21 sector Cova Avellanes",
        "municipi": "Roquetes",
        "municipiCodi": "431331",
        "mcscClass": "223",
        "mcscName": "Boscos densos d'esclerofil·les i laurifolis",
        "forestType": "forest_sclerophyll"
      }
    },
    {
      "type": "Feature",
      "geometry": {
        "type": "Point",
        "coordinates": [
          1.02901,
          41.92173
        ]
      },
      "properties": {
        "codi": "X6",
        "nom": "Baldomar",
        "altitud": 366,
        "comarca": "Noguera",
        "tipus": "A",
        "emplacament": "Baldomar",
        "municipi": "Artesa de Segre",
        "municipiCodi": "250349",
        "mcscClass": "111",
        "mcscName": "Conreus herbacis",
        "forestType": null
      }
    },
    {
      "type": "Feature",
      "geometry": {
        "type": "Point",
        "coordinates": [
          0.55314,
          41.51909
        ]
      },
      "properties": {
        "codi": "X7",
        "nom": "Torres de Segre",
        "altitud": 215,
        "comarca": "Segrià",
        "tipus": "A",
        "emplacament": "Torres de Segre",
        "municipi": "Torres de Segre",
        "municipiCodi": "252326",
        "mcscClass": "228",
        "mcscName": "Prats i herbassars",
        "forestType": null
      }
    },
    {
      "type": "Feature",
      "geometry": {
        "type": "Point",
        "coordinates": [
          2.1054,
          41.37919
        ]
      },
      "properties": {
        "codi": "X8",
        "nom": "Barcelona - Zona Universitària",
        "altitud": 79,
        "comarca": "Barcelonès",
        "tipus": "A",
        "emplacament": "Pistes UB",
        "municipi": "Barcelona",
        "municipiCodi": "080193",
        "mcscClass": "228",
        "mcscName": "Prats i herbassars",
        "forestType": null
      }
    },
    {
      "type": "Feature",
      "geometry": {
        "type": "Point",
        "coordinates": [
          2.16836,
          41.61265
        ]
      },
      "properties": {
        "codi": "X9",
        "nom": "Caldes de Montbui",
        "altitud": 176,
        "comarca": "Vallès Oriental",
        "tipus": "A",
        "emplacament": "Torre Marimon",
        "municipi": "Caldes de Montbui",
        "municipiCodi": "080333",
        "mcscClass": "111",
        "mcscName": "Conreus herbacis",
        "forestType": null
      }
    },
    {
      "type": "Feature",
      "geometry": {
        "type": "Point",
        "coordinates": [
          1.4007,
          41.60257
        ]
      },
      "properties": {
        "codi": "XA",
        "nom": "la Panadella",
        "altitud": 785,
        "comarca": "Anoia",
        "tipus": "A",
        "emplacament": "La Creu del Vent",
        "municipi": "Montmaneu",
        "municipiCodi": "081332",
        "mcscClass": "111",
        "mcscName": "Conreus herbacis",
        "forestType": null
      }
    },
    {
      "type": "Feature",
      "geometry": {
        "type": "Point",
        "coordinates": [
          1.53529,
          41.4779
        ]
      },
      "properties": {
        "codi": "XB",
        "nom": "la Llacuna",
        "altitud": 584,
        "comarca": "Anoia",
        "tipus": "A",
        "emplacament": "Cal Mateu",
        "municipi": "La Llacuna",
        "municipiCodi": "081043",
        "mcscClass": "111",
        "mcscName": "Conreus herbacis",
        "forestType": null
      }
    },
    {
      "type": "Feature",
      "geometry": {
        "type": "Point",
        "coordinates": [
          1.97546,
          41.47892
        ]
      },
      "properties": {
        "codi": "XC",
        "nom": "Castellbisbal",
        "altitud": 147,
        "comarca": "Vallès Occidental",
        "tipus": "A",
        "emplacament": "Turó de la Verdalaga",
        "municipi": "Castellbisbal",
        "municipiCodi": "080543",
        "mcscClass": "347",
        "mcscName": "Zones industrials, comercials i/o de serveis",
        "forestType": null
      }
    },
    {
      "type": "Feature",
      "geometry": {
        "type": "Point",
        "coordinates": [
          0.8857,
          41.32
        ]
      },
      "properties": {
        "codi": "XD",
        "nom": "Ulldemolins",
        "altitud": 687,
        "comarca": "Priorat",
        "tipus": "A",
        "emplacament": "Pigrossos",
        "municipi": "Ulldemolins",
        "municipiCodi": "431573",
        "mcscClass": "228",
        "mcscName": "Prats i herbassars",
        "forestType": null
      }
    },
    {
      "type": "Feature",
      "geometry": {
        "type": "Point",
        "coordinates": [
          1.201,
          41.10393
        ]
      },
      "properties": {
        "codi": "XE",
        "nom": "Tarragona - Complex Educatiu",
        "altitud": 5,
        "comarca": "Tarragonès",
        "tipus": "A",
        "emplacament": "Complex Educatiu",
        "municipi": "Tarragona",
        "municipiCodi": "431482",
        "mcscClass": "228",
        "mcscName": "Prats i herbassars",
        "forestType": null
      }
    },
    {
      "type": "Feature",
      "geometry": {
        "type": "Point",
        "coordinates": [
          2.06952,
          41.56568
        ]
      },
      "properties": {
        "codi": "XF",
        "nom": "Sabadell - Parc Agrari",
        "altitud": 258,
        "comarca": "Vallès Occidental",
        "tipus": "A",
        "emplacament": "Parc Agrari",
        "municipi": "Sabadell",
        "municipiCodi": "081878",
        "mcscClass": "111",
        "mcscName": "Conreus herbacis",
        "forestType": null
      }
    },
    {
      "type": "Feature",
      "geometry": {
        "type": "Point",
        "coordinates": [
          2.22619,
          41.56734
        ]
      },
      "properties": {
        "codi": "XG",
        "nom": "Parets del Vallès",
        "altitud": 123,
        "comarca": "Vallès Oriental",
        "tipus": "A",
        "emplacament": "CEIP Pau Vila",
        "municipi": "Parets del Vallès",
        "municipiCodi": "081593",
        "mcscClass": "347",
        "mcscName": "Zones industrials, comercials i/o de serveis",
        "forestType": null
      }
    },
    {
      "type": "Feature",
      "geometry": {
        "type": "Point",
        "coordinates": [
          1.12993,
          42.40533
        ]
      },
      "properties": {
        "codi": "XH",
        "nom": "Sort",
        "altitud": 679,
        "comarca": "Pallars Sobirà",
        "tipus": "A",
        "emplacament": "Escola de Piragüisme",
        "municipi": "Sort",
        "municipiCodi": "252094",
        "mcscClass": "346",
        "mcscName": "Zones verdes",
        "forestType": null
      }
    },
    {
      "type": "Feature",
      "geometry": {
        "type": "Point",
        "coordinates": [
          0.87182,
          41.61817
        ]
      },
      "properties": {
        "codi": "XI",
        "nom": "Mollerussa",
        "altitud": 247,
        "comarca": "Pla d'Urgell",
        "tipus": "A",
        "emplacament": "-",
        "municipi": "Mollerussa",
        "municipiCodi": "251370",
        "mcscClass": "224",
        "mcscName": "Matollar",
        "forestType": null
      }
    },
    {
      "type": "Feature",
      "geometry": {
        "type": "Point",
        "coordinates": [
          2.80686,
          41.98223
        ]
      },
      "properties": {
        "codi": "XJ",
        "nom": "Girona",
        "altitud": 72,
        "comarca": "Gironès",
        "tipus": "A",
        "emplacament": "Horts de Santa Eugènia",
        "municipi": "Girona",
        "municipiCodi": "170792",
        "mcscClass": "112",
        "mcscName": "Horta, vivers i conreus forçats",
        "forestType": null
      }
    },
    {
      "type": "Feature",
      "geometry": {
        "type": "Point",
        "coordinates": [
          2.43774,
          41.77362
        ]
      },
      "properties": {
        "codi": "XK",
        "nom": "Puig Sesolles (1.668 m)",
        "altitud": 1668,
        "comarca": "Vallès Oriental",
        "tipus": "A",
        "emplacament": "Puig Sesolles (Massís del Montseny)",
        "municipi": "Fogars de Montclús",
        "municipiCodi": "080811",
        "mcscClass": "228",
        "mcscName": "Prats i herbassars",
        "forestType": null
      }
    },
    {
      "type": "Feature",
      "geometry": {
        "type": "Point",
        "coordinates": [
          2.08022,
          41.34045
        ]
      },
      "properties": {
        "codi": "XL",
        "nom": "el Prat de Llobregat",
        "altitud": 8,
        "comarca": "Baix Llobregat",
        "tipus": "A",
        "emplacament": "Camí de la Ribera s/n",
        "municipi": "El Prat de Llobregat",
        "municipiCodi": "081691",
        "mcscClass": "115",
        "mcscName": "Altres conreus llenyosos",
        "forestType": null
      }
    },
    {
      "type": "Feature",
      "geometry": {
        "type": "Point",
        "coordinates": [
          0.73507,
          41.59522
        ]
      },
      "properties": {
        "codi": "XM",
        "nom": "els Alamús",
        "altitud": 235,
        "comarca": "Segrià",
        "tipus": "A",
        "emplacament": "-",
        "municipi": "Els Alamús",
        "municipiCodi": "250045",
        "mcscClass": "115",
        "mcscName": "Altres conreus llenyosos",
        "forestType": null
      }
    },
    {
      "type": "Feature",
      "geometry": {
        "type": "Point",
        "coordinates": [
          0.42765,
          41.46379
        ]
      },
      "properties": {
        "codi": "XN",
        "nom": "Seròs",
        "altitud": 89,
        "comarca": "Segrià",
        "tipus": "A",
        "emplacament": "EDAR Aitona-Seròs",
        "municipi": "Seròs",
        "municipiCodi": "252043",
        "mcscClass": "224",
        "mcscName": "Matollar",
        "forestType": null
      }
    },
    {
      "type": "Feature",
      "geometry": {
        "type": "Point",
        "coordinates": [
          2.23987,
          41.93497
        ]
      },
      "properties": {
        "codi": "XO",
        "nom": "Vic",
        "altitud": 499,
        "comarca": "Osona",
        "tipus": "A",
        "emplacament": "Vic",
        "municipi": "Vic",
        "municipiCodi": "082981",
        "mcscClass": "346",
        "mcscName": "Zones verdes",
        "forestType": null
      }
    },
    {
      "type": "Feature",
      "geometry": {
        "type": "Point",
        "coordinates": [
          0.43006,
          41.06564
        ]
      },
      "properties": {
        "codi": "XP",
        "nom": "Gandesa",
        "altitud": 350,
        "comarca": "Terra Alta",
        "tipus": "A",
        "emplacament": "IRTA UETA Gandesa",
        "municipi": "Gandesa",
        "municipiCodi": "430640",
        "mcscClass": "111",
        "mcscName": "Conreus herbacis",
        "forestType": null
      }
    },
    {
      "type": "Feature",
      "geometry": {
        "type": "Point",
        "coordinates": [
          0.88814,
          42.16252
        ]
      },
      "properties": {
        "codi": "XQ",
        "nom": "Tremp",
        "altitud": 473,
        "comarca": "Pallars Jussà",
        "tipus": "A",
        "emplacament": "Conillera de Joncar",
        "municipi": "Tremp",
        "municipiCodi": "252347",
        "mcscClass": "228",
        "mcscName": "Prats i herbassars",
        "forestType": null
      }
    },
    {
      "type": "Feature",
      "geometry": {
        "type": "Point",
        "coordinates": [
          0.98161,
          41.31481
        ]
      },
      "properties": {
        "codi": "XR",
        "nom": "Prades",
        "altitud": 926,
        "comarca": "Baix Camp",
        "tipus": "A",
        "emplacament": "La Comanda",
        "municipi": "Prades",
        "municipiCodi": "431166",
        "mcscClass": "111",
        "mcscName": "Conreus herbacis",
        "forestType": null
      }
    },
    {
      "type": "Feature",
      "geometry": {
        "type": "Point",
        "coordinates": [
          2.66446,
          41.86489
        ]
      },
      "properties": {
        "codi": "XS",
        "nom": "Santa Coloma de Farners",
        "altitud": 162,
        "comarca": "Selva",
        "tipus": "A",
        "emplacament": "Dipòsit d'aigua",
        "municipi": "Santa Coloma de Farners",
        "municipiCodi": "171805",
        "mcscClass": "111",
        "mcscName": "Conreus herbacis",
        "forestType": null
      }
    },
    {
      "type": "Feature",
      "geometry": {
        "type": "Point",
        "coordinates": [
          1.51165,
          41.98766
        ]
      },
      "properties": {
        "codi": "XT",
        "nom": "Solsona",
        "altitud": 691,
        "comarca": "Solsonès",
        "tipus": "A",
        "emplacament": "Magatzem Municipal",
        "municipi": "Solsona",
        "municipiCodi": "252075",
        "mcscClass": "111",
        "mcscName": "Conreus herbacis",
        "forestType": null
      }
    },
    {
      "type": "Feature",
      "geometry": {
        "type": "Point",
        "coordinates": [
          1.72195,
          41.28801
        ]
      },
      "properties": {
        "codi": "XU",
        "nom": "Canyelles",
        "altitud": 148,
        "comarca": "Garraf",
        "tipus": "A",
        "emplacament": "Cementiri",
        "municipi": "Canyelles",
        "municipiCodi": "080431",
        "mcscClass": "228",
        "mcscName": "Prats i herbassars",
        "forestType": null
      }
    },
    {
      "type": "Feature",
      "geometry": {
        "type": "Point",
        "coordinates": [
          2.07956,
          41.48311
        ]
      },
      "properties": {
        "codi": "XV",
        "nom": "Sant Cugat del Vallès - CAR",
        "altitud": 158,
        "comarca": "Vallès Occidental",
        "tipus": "A",
        "emplacament": "Centre d'Alt Rendiment",
        "municipi": "Sant Cugat del Vallès",
        "municipiCodi": "082055",
        "mcscClass": "346",
        "mcscName": "Zones verdes",
        "forestType": null
      }
    },
    {
      "type": "Feature",
      "geometry": {
        "type": "Point",
        "coordinates": [
          1.04476,
          41.68835
        ]
      },
      "properties": {
        "codi": "XX",
        "nom": "Anglesola - Tornabous",
        "altitud": 291,
        "comarca": "Urgell",
        "tipus": "A",
        "emplacament": "Masia Mingot",
        "municipi": "Anglesola",
        "municipiCodi": "250273",
        "mcscClass": "115",
        "mcscName": "Altres conreus llenyosos",
        "forestType": null
      }
    },
    {
      "type": "Feature",
      "geometry": {
        "type": "Point",
        "coordinates": [
          0.55027,
          41.56509
        ]
      },
      "properties": {
        "codi": "XY",
        "nom": "Alcarràs",
        "altitud": 122,
        "comarca": "Segrià",
        "tipus": "A",
        "emplacament": "Central del revés",
        "municipi": "Alcarràs",
        "municipiCodi": "250117",
        "mcscClass": "115",
        "mcscName": "Altres conreus llenyosos",
        "forestType": null
      }
    },
    {
      "type": "Feature",
      "geometry": {
        "type": "Point",
        "coordinates": [
          3.06202,
          42.18139
        ]
      },
      "properties": {
        "codi": "XZ",
        "nom": "Torroella de Fluvià",
        "altitud": 7,
        "comarca": "Alt Empordà",
        "tipus": "A",
        "emplacament": " ",
        "municipi": "Torroella de Fluvià",
        "municipiCodi": "171984",
        "mcscClass": "115",
        "mcscName": "Altres conreus llenyosos",
        "forestType": null
      }
    },
    {
      "type": "Feature",
      "geometry": {
        "type": "Point",
        "coordinates": [
          1.42775,
          42.17426
        ]
      },
      "properties": {
        "codi": "Y4",
        "nom": "Alinyà",
        "altitud": 1162,
        "comarca": "Alt Urgell",
        "tipus": "A",
        "emplacament": "Tossal de Salamó",
        "municipi": "Fígols i Alinyà",
        "municipiCodi": "259084",
        "mcscClass": "111",
        "mcscName": "Conreus herbacis",
        "forestType": null
      }
    },
    {
      "type": "Feature",
      "geometry": {
        "type": "Point",
        "coordinates": [
          2.86295,
          42.22793
        ]
      },
      "properties": {
        "codi": "Y5",
        "nom": "Navata",
        "altitud": 152,
        "comarca": "Alt Empordà",
        "tipus": "A",
        "emplacament": "Can Tries",
        "municipi": "Navata",
        "municipiCodi": "171117",
        "mcscClass": "111",
        "mcscName": "Conreus herbacis",
        "forestType": null
      }
    },
    {
      "type": "Feature",
      "geometry": {
        "type": "Point",
        "coordinates": [
          0.74032,
          41.04343
        ]
      },
      "properties": {
        "codi": "Y6",
        "nom": "Tivissa",
        "altitud": 317,
        "comarca": "Ribera d'Ebre",
        "tipus": "A",
        "emplacament": "-",
        "municipi": "Tivissa",
        "municipiCodi": "431508",
        "mcscClass": "351",
        "mcscName": "Xarxa viària",
        "forestType": null
      }
    },
    {
      "type": "Feature",
      "geometry": {
        "type": "Point",
        "coordinates": [
          2.16537,
          41.31725
        ]
      },
      "properties": {
        "codi": "Y7",
        "nom": "Port de Barcelona - Bocana Sud",
        "altitud": 3,
        "comarca": "Baix Llobregat",
        "tipus": "A",
        "emplacament": "Port de Barcelona",
        "municipi": "El Prat de Llobregat",
        "municipiCodi": "081691",
        "mcscClass": "0",
        "mcscName": "Sense dades",
        "forestType": null
      }
    },
    {
      "type": "Feature",
      "geometry": {
        "type": "Point",
        "coordinates": [
          1.93482,
          42.44013
        ]
      },
      "properties": {
        "codi": "YA",
        "nom": "Puigcerdà",
        "altitud": 1213,
        "comarca": "Cerdanya",
        "tipus": "A",
        "emplacament": "Poliesportiu municipal",
        "municipi": "Puigcerdà",
        "municipiCodi": "171411",
        "mcscClass": "346",
        "mcscName": "Zones verdes",
        "forestType": null
      }
    },
    {
      "type": "Feature",
      "geometry": {
        "type": "Point",
        "coordinates": [
          2.47097,
          42.18813
        ]
      },
      "properties": {
        "codi": "YB",
        "nom": "Olot",
        "altitud": 433,
        "comarca": "Garrotxa",
        "tipus": "A",
        "emplacament": "Pla de Dalt",
        "municipi": "Olot",
        "municipiCodi": "171143",
        "mcscClass": "343",
        "mcscName": "Zones urbanes laxes",
        "forestType": null
      }
    },
    {
      "type": "Feature",
      "geometry": {
        "type": "Point",
        "coordinates": [
          0.96802,
          42.24388
        ]
      },
      "properties": {
        "codi": "YC",
        "nom": "la Pobla de Segur",
        "altitud": 508,
        "comarca": "Pallars Jussà",
        "tipus": "A",
        "emplacament": "Horta de les Feixes",
        "municipi": "La Pobla de Segur",
        "municipiCodi": "251713",
        "mcscClass": "229",
        "mcscName": "Bosc de ribera",
        "forestType": "forest_decid"
      }
    },
    {
      "type": "Feature",
      "geometry": {
        "type": "Point",
        "coordinates": [
          0.8561,
          41.51124
        ]
      },
      "properties": {
        "codi": "YD",
        "nom": "les Borges Blanques",
        "altitud": 283,
        "comarca": "Garrigues",
        "tipus": "A",
        "emplacament": "Escola Agrària de les Borges Blanques",
        "municipi": "Les Borges Blanques",
        "municipiCodi": "250582",
        "mcscClass": "111",
        "mcscName": "Conreus herbacis",
        "forestType": null
      }
    },
    {
      "type": "Feature",
      "geometry": {
        "type": "Point",
        "coordinates": [
          1.305756,
          41.79409
        ]
      },
      "properties": {
        "codi": "YE",
        "nom": "Massoteres",
        "altitud": 513,
        "comarca": "Segarra",
        "tipus": "A",
        "emplacament": "la Creu de Massoteres",
        "municipi": "Massoteres",
        "municipiCodi": "251327",
        "mcscClass": "111",
        "mcscName": "Conreus herbacis",
        "forestType": null
      }
    },
    {
      "type": "Feature",
      "geometry": {
        "type": "Point",
        "coordinates": [
          0.9345,
          41.02066
        ]
      },
      "properties": {
        "codi": "YF",
        "nom": "Miami Platja",
        "altitud": 43,
        "comarca": "Baix Camp",
        "tipus": "A",
        "emplacament": "Plana dels Penyals",
        "municipi": "Mont-roig del Camp",
        "municipiCodi": "430923",
        "mcscClass": "224",
        "mcscName": "Matollar",
        "forestType": null
      }
    },
    {
      "type": "Feature",
      "geometry": {
        "type": "Point",
        "coordinates": [
          1.24244,
          42.51881
        ]
      },
      "properties": {
        "codi": "YG",
        "nom": "Tírvia",
        "altitud": 954,
        "comarca": "Pallars Sobirà",
        "tipus": "A",
        "emplacament": "Heliport de Tírvia",
        "municipi": "Tírvia",
        "municipiCodi": "252213",
        "mcscClass": "346",
        "mcscName": "Zones verdes",
        "forestType": null
      }
    },
    {
      "type": "Feature",
      "geometry": {
        "type": "Point",
        "coordinates": [
          1.42403,
          41.71734
        ]
      },
      "properties": {
        "codi": "YH",
        "nom": "Pujalt",
        "altitud": 747,
        "comarca": "Anoia",
        "tipus": "A",
        "emplacament": "Observatori de Pujalt",
        "municipi": "Pujalt",
        "municipiCodi": "081764",
        "mcscClass": "111",
        "mcscName": "Conreus herbacis",
        "forestType": null
      }
    },
    {
      "type": "Feature",
      "geometry": {
        "type": "Point",
        "coordinates": [
          0.64217,
          41.58449
        ]
      },
      "properties": {
        "codi": "YJ",
        "nom": "Lleida - la Femosa",
        "altitud": 170,
        "comarca": "Segrià",
        "tipus": "A",
        "emplacament": "la Gabarrera",
        "municipi": "Lleida",
        "municipiCodi": "251207",
        "mcscClass": "111",
        "mcscName": "Conreus herbacis",
        "forestType": null
      }
    },
    {
      "type": "Feature",
      "geometry": {
        "type": "Point",
        "coordinates": [
          1.99005,
          41.55361
        ]
      },
      "properties": {
        "codi": "YK",
        "nom": "Terrassa",
        "altitud": 313,
        "comarca": "Vallès Occidental",
        "tipus": "A",
        "emplacament": "Can Poal",
        "municipi": "Terrassa",
        "municipiCodi": "082798",
        "mcscClass": "224",
        "mcscName": "Matollar",
        "forestType": null
      }
    },
    {
      "type": "Feature",
      "geometry": {
        "type": "Point",
        "coordinates": [
          0.96951,
          41.1227
        ]
      },
      "properties": {
        "codi": "YL",
        "nom": "Riudecanyes",
        "altitud": 170,
        "comarca": "Baix Camp",
        "tipus": "A",
        "emplacament": "els Gorgs",
        "municipi": "Riudecanyes",
        "municipiCodi": "431270",
        "mcscClass": "228",
        "mcscName": "Prats i herbassars",
        "forestType": null
      }
    },
    {
      "type": "Feature",
      "geometry": {
        "type": "Point",
        "coordinates": [
          2.29841,
          41.60922
        ]
      },
      "properties": {
        "codi": "YM",
        "nom": "Granollers",
        "altitud": 210,
        "comarca": "Vallès Oriental",
        "tipus": "A",
        "emplacament": "Parc del Puig de les Tres Torres",
        "municipi": "Granollers",
        "municipiCodi": "080961",
        "mcscClass": "346",
        "mcscName": "Zones verdes",
        "forestType": null
      }
    },
    {
      "type": "Feature",
      "geometry": {
        "type": "Point",
        "coordinates": [
          0.80198,
          42.69737
        ]
      },
      "properties": {
        "codi": "YN",
        "nom": "Vielha - Elipòrt",
        "altitud": 1027,
        "comarca": "Val d'Aran",
        "tipus": "A",
        "emplacament": "Elipòrt de VIelha",
        "municipi": "Vielha e Mijaran",
        "municipiCodi": "252430",
        "mcscClass": "228",
        "mcscName": "Prats i herbassars",
        "forestType": null
      }
    },
    {
      "type": "Feature",
      "geometry": {
        "type": "Point",
        "coordinates": [
          1.79324,
          41.43531
        ]
      },
      "properties": {
        "codi": "YO",
        "nom": "Sant Sadurní d'Anoia",
        "altitud": 155,
        "comarca": "Alt Penedès",
        "tipus": "A",
        "emplacament": "Camp de civada entre vinyes",
        "municipi": "Sant Sadurní d'Anoia",
        "municipiCodi": "082401",
        "mcscClass": "111",
        "mcscName": "Conreus herbacis",
        "forestType": null
      }
    },
    {
      "type": "Feature",
      "geometry": {
        "type": "Point",
        "coordinates": [
          3.16073,
          41.90694
        ]
      },
      "properties": {
        "codi": "YP",
        "nom": "Palafrugell",
        "altitud": 35,
        "comarca": "Baix Empordà",
        "tipus": "A",
        "emplacament": "Horts urbans",
        "municipi": "Palafrugell",
        "municipiCodi": "171175",
        "mcscClass": "111",
        "mcscName": "Conreus herbacis",
        "forestType": null
      }
    },
    {
      "type": "Feature",
      "geometry": {
        "type": "Point",
        "coordinates": [
          2.1372,
          41.31928
        ]
      },
      "properties": {
        "codi": "YQ",
        "nom": "Port de Barcelona - ZAL Prat",
        "altitud": 6,
        "comarca": "Baix Llobregat",
        "tipus": "A",
        "emplacament": "Port de Barcelona",
        "municipi": "El Prat de Llobregat",
        "municipiCodi": "081691",
        "mcscClass": "228",
        "mcscName": "Prats i herbassars",
        "forestType": null
      }
    },
    {
      "type": "Feature",
      "geometry": {
        "type": "Point",
        "coordinates": [
          1.73148,
          41.23575
        ]
      },
      "properties": {
        "codi": "YR",
        "nom": "Vilanova i la Geltrú",
        "altitud": 31,
        "comarca": "Garraf",
        "tipus": "A",
        "emplacament": "Circuit de ciclisme",
        "municipi": "Vilanova i la Geltrú",
        "municipiCodi": "083073",
        "mcscClass": "228",
        "mcscName": "Prats i herbassars",
        "forestType": null
      }
    },
    {
      "type": "Feature",
      "geometry": {
        "type": "Point",
        "coordinates": [
          2.956401,
          42.32038
        ]
      },
      "properties": {
        "codi": "YS",
        "nom": "Cabanes",
        "altitud": 32,
        "comarca": "Alt Empordà",
        "tipus": "A",
        "emplacament": "Futura deixalleria",
        "municipi": "Cabanes",
        "municipiCodi": "170307",
        "mcscClass": "111",
        "mcscName": "Conreus herbacis",
        "forestType": null
      }
    },
    {
      "type": "Feature",
      "geometry": {
        "type": "Point",
        "coordinates": [
          1.07527,
          42.75089
        ]
      },
      "properties": {
        "codi": "YT",
        "nom": "Bonabé (1.693 m)",
        "altitud": 1693,
        "comarca": "Pallars Sobirà",
        "tipus": "A",
        "emplacament": "Pista de la Mina",
        "municipi": "Alt Àneu",
        "municipiCodi": "250241",
        "mcscClass": "228",
        "mcscName": "Prats i herbassars",
        "forestType": null
      }
    },
    {
      "type": "Feature",
      "geometry": {
        "type": "Point",
        "coordinates": [
          2.40472,
          42.04265
        ]
      },
      "properties": {
        "codi": "YU",
        "nom": "Cantonigròs",
        "altitud": 925,
        "comarca": "Osona",
        "tipus": "A",
        "emplacament": "Àrea d'autocaravanes",
        "municipi": "l'Esquirol",
        "municipiCodi": "082541",
        "mcscClass": "343",
        "mcscName": "Zones urbanes laxes",
        "forestType": null
      }
    },
    {
      "type": "Feature",
      "geometry": {
        "type": "Point",
        "coordinates": [
          2.43322,
          41.54517
        ]
      },
      "properties": {
        "codi": "YV",
        "nom": "Mataró",
        "altitud": 87,
        "comarca": "Maresme",
        "tipus": "A",
        "emplacament": "Parc de Rafael Alberti, Estació MeteoMar",
        "municipi": "Mataró",
        "municipiCodi": "081213",
        "mcscClass": "346",
        "mcscName": "Zones verdes",
        "forestType": null
      }
    },
    {
      "type": "Feature",
      "geometry": {
        "type": "Point",
        "coordinates": [
          0.31688,
          41.08307
        ]
      },
      "properties": {
        "codi": "YX",
        "nom": "Batea",
        "altitud": 400,
        "comarca": "Terra Alta",
        "tipus": "A",
        "emplacament": "Turó estació transferència",
        "municipi": "Batea",
        "municipiCodi": "430228",
        "mcscClass": "224",
        "mcscName": "Matollar",
        "forestType": null
      }
    },
    {
      "type": "Feature",
      "geometry": {
        "type": "Point",
        "coordinates": [
          0.98486,
          42.64691
        ]
      },
      "properties": {
        "codi": "Z1",
        "nom": "Bonaigua (2.266 m)",
        "altitud": 2266,
        "comarca": "Pallars Sobirà",
        "tipus": "A",
        "emplacament": "Port de la Bonaigua",
        "municipi": "Alt Àneu",
        "municipiCodi": "250241",
        "mcscClass": "228",
        "mcscName": "Prats i herbassars",
        "forestType": null
      }
    },
    {
      "type": "Feature",
      "geometry": {
        "type": "Point",
        "coordinates": [
          0.88405,
          42.46602
        ]
      },
      "properties": {
        "codi": "Z2",
        "nom": "Boí (2.535 m)",
        "altitud": 2535,
        "comarca": "Alta Ribagorça",
        "tipus": "A",
        "emplacament": "Vall de Boí",
        "municipi": "La Vall de Boí",
        "municipiCodi": "250432",
        "mcscClass": "228",
        "mcscName": "Prats i herbassars",
        "forestType": null
      }
    },
    {
      "type": "Feature",
      "geometry": {
        "type": "Point",
        "coordinates": [
          1.7785,
          42.46605
        ]
      },
      "properties": {
        "codi": "Z3",
        "nom": "Malniu (2.230 m)",
        "altitud": 2230,
        "comarca": "Cerdanya",
        "tipus": "A",
        "emplacament": "Estany de Malniu",
        "municipi": "Meranges",
        "municipiCodi": "170998",
        "mcscClass": "225",
        "mcscName": "Boscos clars d'aciculifolis",
        "forestType": "forest_conif"
      }
    },
    {
      "type": "Feature",
      "geometry": {
        "type": "Point",
        "coordinates": [
          1.27201,
          42.70029
        ]
      },
      "properties": {
        "codi": "Z5",
        "nom": "Certascan (2.400 m)",
        "altitud": 2400,
        "comarca": "Pallars Sobirà",
        "tipus": "A",
        "emplacament": "Certascan",
        "municipi": "Lladorre",
        "municipiCodi": "251235",
        "mcscClass": "228",
        "mcscName": "Prats i herbassars",
        "forestType": null
      }
    },
    {
      "type": "Feature",
      "geometry": {
        "type": "Point",
        "coordinates": [
          0.73198,
          42.77011
        ]
      },
      "properties": {
        "codi": "Z6",
        "nom": "Sasseuva (2.228 m)",
        "altitud": 2228,
        "comarca": "Val d'Aran",
        "tipus": "A",
        "emplacament": "Sasseuva",
        "municipi": "Arres",
        "municipiCodi": "250313",
        "mcscClass": "228",
        "mcscName": "Prats i herbassars",
        "forestType": null
      }
    },
    {
      "type": "Feature",
      "geometry": {
        "type": "Point",
        "coordinates": [
          1.05476,
          42.53412
        ]
      },
      "properties": {
        "codi": "Z7",
        "nom": "Espot (2.519 m)",
        "altitud": 2519,
        "comarca": "Pallars Sobirà",
        "tipus": "A",
        "emplacament": "Espot",
        "municipi": "Espot",
        "municipiCodi": "250827",
        "mcscClass": "228",
        "mcscName": "Prats i herbassars",
        "forestType": null
      }
    },
    {
      "type": "Feature",
      "geometry": {
        "type": "Point",
        "coordinates": [
          1.71498,
          42.29265
        ]
      },
      "properties": {
        "codi": "Z9",
        "nom": "Cadí Nord (2.143 m) - Prat d'Aguiló",
        "altitud": 2143,
        "comarca": "Cerdanya",
        "tipus": "A",
        "emplacament": "Cadí Nord - Prat d'Aguiló",
        "municipi": "Montellà i Martinet",
        "municipiCodi": "251399",
        "mcscClass": "221",
        "mcscName": "Boscos densos d'aciculifolis",
        "forestType": "forest_conif"
      }
    },
    {
      "type": "Feature",
      "geometry": {
        "type": "Point",
        "coordinates": [
          1.36597,
          42.51939
        ]
      },
      "properties": {
        "codi": "ZB",
        "nom": "Salòria (2.451 m)",
        "altitud": 2451,
        "comarca": "Pallars Sobirà",
        "tipus": "A",
        "emplacament": "Salòria",
        "municipi": "Alins",
        "municipiCodi": "250175",
        "mcscClass": "228",
        "mcscName": "Prats i herbassars",
        "forestType": null
      }
    },
    {
      "type": "Feature",
      "geometry": {
        "type": "Point",
        "coordinates": [
          2.24593,
          42.42102
        ]
      },
      "properties": {
        "codi": "ZC",
        "nom": "Ulldeter (2.413 m)",
        "altitud": 2413,
        "comarca": "Ripollès",
        "tipus": "A",
        "emplacament": "Ulldeter",
        "municipi": "Setcases",
        "municipiCodi": "171925",
        "mcscClass": "228",
        "mcscName": "Prats i herbassars",
        "forestType": null
      }
    },
    {
      "type": "Feature",
      "geometry": {
        "type": "Point",
        "coordinates": [
          1.89716,
          42.32211
        ]
      },
      "properties": {
        "codi": "ZD",
        "nom": "la Tosa d'Alp (2.478 m)",
        "altitud": 2478,
        "comarca": "Cerdanya",
        "tipus": "A",
        "emplacament": "Tosa d'Alp",
        "municipi": "Alp",
        "municipiCodi": "170062",
        "mcscClass": "230",
        "mcscName": "Sòl nu forestal",
        "forestType": null
      }
    },
    {
      "type": "Feature",
      "geometry": {
        "type": "Point",
        "coordinates": [
          1.53207,
          42.19088
        ]
      },
      "properties": {
        "codi": "ZE",
        "nom": "el Port del Comte (2.290 m)",
        "altitud": 2290,
        "comarca": "Solsonès",
        "tipus": "A",
        "emplacament": "Port del Comte - Estivella",
        "municipi": "La Coma i la Pedra",
        "municipiCodi": "251636",
        "mcscClass": "228",
        "mcscName": "Prats i herbassars",
        "forestType": null
      }
    }
  ],
  "attribution": "Mapa de Cobertes del Sòl de Catalunya (MCSC) v1.0 — ICGC & CREAF, layer cobertes_2024 — CC BY 4.0 — http://www.icgc.cat"
}